model,n_params,val_acc,val_loss,perplex,cdnv,norms_mean,norms_var,etf_error,interfere_mean,interfere_var,log_kern_mean,log_kern_var,dual_error,simdot_mean,simdot_var,simcos_mean,simcos_var,dists_mean,dists_var,hits,misses,norms_log_mean,norms_log_var
01x0064_01L@0,3397440,0.2653474864776747,3.890064477920532,48.914040297659625,0.217026799917221,7.673639756024962,3.6960838611008655,1.402278388312318,-0.0021408286990636,474.10294267327487,-0.2859084010124206,0.092819906771183,1.4119267463684082,0.6795485947309918,2.882971471805309,0.1323722749948501,0.093682199716568,1.286386854150193,0.0804667833058769,160740,4553451,2.0038733330729226,0.07111078367084783
01x0064_01d@0,3397440,0.2655125183460073,3.884904623031616,48.662300975406986,0.2113296538591385,7.665007096999784,3.6913752382539604,1.40225038273538,-0.0021361378886514,469.8287037764285,-0.2862807214260101,0.0920896530151367,1.411899447441101,0.6881494767378347,2.90653647471676,0.1324342936277389,0.0925919264554977,1.2867477682010586,0.0794140512506817,161406,4552785,2.0027262620765054,0.07114310996653765
01x0064_03d@2,3397440,0.2815142458775442,3.607738971710205,36.88256594230357,0.0547153949737548,10.57811521240423,7.426546125850475,1.4004285382598078,-0.0040819243817079,1293.5981822723113,-0.3013219237327575,0.0647775754332542,1.410536289215088,1.64368866754352,8.326295985934886,0.1985128372907638,0.0936975553631782,1.2341605184392077,0.079824668856255,173819,4540372,2.323386009362156,0.07368741150273835
01x0064_10L@5,3397440,0.3614163976767416,3.0872039794921875,21.91571544047125,0.0071661467663943,16.94974781197989,21.62209703414341,1.397339445111489,-0.0105677103269357,5797.584947044247,-0.3190808892250061,0.0336624681949615,1.4083750247955322,3.3792840973252867,16.631495997880474,0.2869680821895599,0.0909895375370979,1.1608302404374835,0.0785394546552571,372259,4341932,2.7913440754205974,0.07974303933831463
01x0064_10L@9,3397440,0.3757060786667461,2.9908041954040527,19.901680898091172,0.0053173089399933,18.808291539707067,26.50568164282508,1.3970401007670978,-0.0130082308970069,8482.608342819665,-0.3205620944499969,0.0313844457268714,1.4078658819198608,3.878033149099113,18.629582095133163,0.3054858744144439,0.0886078849434852,1.1456066546026042,0.0766160352752288,433012,4281179,2.895694864850169,0.07899797307423562
01x0064_10d@5,3397440,0.3604618431683912,3.0921480655670166,22.02433691971012,0.0089641129598021,15.183740905099706,17.845552256713223,1.3976384126050314,-0.0084972266581404,3884.039261887336,-0.3182395696640014,0.0344921126961708,1.4083317518234253,3.5372190164816333,18.15416850967324,0.2700589895248413,0.0827343985438346,1.179250690637223,0.0692519957995397,342751,4371440,2.680259151057433,0.08184245286783327
01x0064_10d@9,3397440,0.3739520317268464,3.0040102005004883,20.16624567438565,0.0071682319976389,16.242680157878613,20.6220945809247,1.397424506431749,-0.0097306392943756,4965.138264999301,-0.3195450901985168,0.0323318354785442,1.4078770875930786,4.056193321097944,20.57516233452418,0.2836463451385498,0.079707071185112,1.168862103419312,0.0664707638109031,395938,4318253,2.7474532569629955,0.08214168891871208
02x0064_01L@0,3447232,0.2767533522363409,3.8286147117614746,45.99877251890703,0.121985450387001,7.579997749952329,3.5140398830960273,1.4020163545952995,-0.0020857377382456,430.9628544622926,-0.2890852689743042,0.0858362391591072,1.411581039428711,0.664691122262084,2.3257222291947874,0.13857401907444,0.087707795202732,1.2826128349675656,0.0777586585867404,177614,4536577,1.9924331065860312,0.0693728930088026
02x0064_01d@0,3447232,0.2771008100773804,3.822869539260864,45.73525932516146,0.1185426786541938,7.573474806228727,3.521703770907197,1.4019688478553411,-0.0020826184982668,426.36025481014207,-0.2896312177181244,0.0848029926419258,1.4115656614303589,0.6752953967826711,2.3790911692380146,0.1385486423969268,0.0871243476867675,1.2829074352762482,0.0770536083066169,176443,4537748,1.9914648577739074,0.06957314666595174
02x0064_03d@2,3447232,0.3416647557899564,3.317112684249878,27.580601578341398,0.0224835164844989,9.910149386647772,6.66796664948765,1.3989602798997496,-0.0035878078618609,816.9991323438796,-0.3122209310531616,0.0445104502141475,1.4102572202682495,1.4624053489197404,6.25878412928341,0.1998843252658844,0.0942450612783432,1.2310299821188089,0.0847992159392832,348799,4365392,2.258047931050109,0.0732606765626928
02x0064_10L@5,3447232,0.4087247554802565,2.833043336868286,16.997110123462043,0.0041565680876374,16.817524747516252,19.522455670050494,1.3960512787753685,-0.0103431488259733,4797.833299927662,-0.3241840302944183,0.0269988123327493,1.407589077949524,3.253191037059973,13.951681908639088,0.2926353514194488,0.09375,1.1531347643212764,0.0850121573389808,486630,4227561,2.787277988493733,0.07153654392215957
02x0064_10L@9,3447232,0.420349532406171,2.7511823177337646,15.661137382801494,0.0030604731291532,18.722739856198324,24.100079194903067,1.3957833003074076,-0.0128161002498733,7154.866647188393,-0.3250643908977508,0.0257103312760591,1.407109618186951,3.718102495418184,15.860395406801574,0.3085159063339233,0.0911408737301826,1.140512123660592,0.0822029344389981,521438,4192753,2.8948218357885724,0.07098503366075311
02x0064_10d@5,3447232,0.4084303284452364,2.8304476737976074,16.953048561629362,0.0053131803870201,15.16328658127989,16.42858611932124,1.39648794674362,-0.0084275206649444,3343.1596593386,-0.3234597146511078,0.0275001432746648,1.4076285362243652,3.43191931531785,15.518509307847369,0.2770713865756988,0.0860727801918983,1.170779032230962,0.0751360830326239,471788,4242403,2.682462957536084,0.07416459759859381
02x0064_10d@9,3447232,0.419782739151435,2.7537848949432373,15.701949787709244,0.0041714697144925,16.301654104854723,19.176642723298905,1.3964422464877482,-0.0097468497976409,4448.986012718547,-0.3238177299499511,0.026773938909173,1.4071853160858154,3.917199691006796,17.805447208938357,0.2875529527664184,0.0822599977254867,1.1636276734844977,0.070866941485812,496084,4218107,2.754517164356648,0.07481980228442715
04x0064_01L@0,3546816,0.3050018019867885,3.604053735733032,36.74689512639348,0.0480413511395454,8.827678493540635,4.856278917717478,1.401084348944846,-0.0028319656670724,686.1225327158431,-0.2978944182395935,0.0698773860931396,1.411288142204285,0.8660666267176098,3.3238733631823134,0.1563565731048584,0.089254193007946,1.267506935970334,0.0807155353789707,242632,4471559,2.1445245949793015,0.06959266302871107
04x0064_01d@0,3546816,0.3057858094229803,3.5947046279907227,36.40494539778503,0.0467224046587944,8.78177072004591,4.840943148173099,1.401020633756478,-0.0028037860744748,666.0825486272926,-0.2986055016517639,0.0684370324015617,1.4112526178359983,0.8908393175483125,3.460870060017683,0.1556204259395599,0.0876781791448593,1.2688608139983908,0.0787538721451667,243036,4471155,2.1391111480069287,0.06996251044618178
04x0064_03d@2,3546816,0.4035714338745091,2.908292055130005,18.325472925924792,0.0095958802849054,13.323873385471156,11.38120813071434,1.3976596817643956,-0.0064623159823267,2252.296270659561,-0.3191933929920196,0.0341487303376197,1.4094195365905762,2.217423576785349,10.785968086674796,0.2258588820695877,0.0934593230485916,1.2101685671205482,0.0837769659862625,439792,4274399,2.556699148451162,0.06708621729277223
04x0064_10L@5,3546816,0.4503248773238364,2.5256662368774414,12.499219931456114,0.0014472648035734,23.903277539250848,33.865301963073605,1.3967184358382634,-0.0207043931520302,20710.977488355707,-0.3240679204463959,0.0269517600536346,1.4065624475479126,4.177511816114622,18.570791205230723,0.3134012222290039,0.0898277387022972,1.1372176882554172,0.0799360142877894,597006,4117185,3.1438245401684344,0.06140590261392629
04x0064_10L@9,3546816,0.459462297324214,2.465239763259888,11.766302940956024,0.0011068008607253,26.390878776784753,41.18020999019648,1.3964382147650984,-0.0252345814146134,29808.61812255234,-0.3248781263828277,0.0257783867418766,1.406322956085205,4.4891264932411055,20.019064128767003,0.3235789537429809,0.0884707197546958,1.128828805102486,0.0785901136428247,618173,4096018,3.2429916936965713,0.06098193560810754
04x0064_10d@5,3546816,0.4505599098561147,2.526406526565552,12.508476400892496,0.0025445318315178,18.466605242412967,22.44939361116827,1.397453221431498,-0.0124337758225003,8134.7285464008,-0.3223396241664886,0.028507201001048,1.4069677591323853,4.537443314383383,23.47350020127371,0.2834633886814117,0.0808965340256691,1.1679525173701222,0.0689623374591292,536527,4177664,2.8825608949963213,0.06784522550911697
04x0064_10d@9,3546816,0.4584343481803327,2.475071668624878,11.882558689224677,0.0021960081066936,19.25991140788208,24.870830488213556,1.3973450683826754,-0.0135404408575666,9524.527838829745,-0.3226581215858459,0.0278356969356536,1.406702756881714,4.933002881720167,25.87549370180929,0.2885902523994446,0.0782809928059578,1.1646951047375778,0.0663068892924966,548045,4166146,2.924197858535283,0.06852908907670334
08x0064_01L@0,3745984,0.3248242930304157,3.500833034515381,33.14304976653363,0.0335735753178596,8.847143149597779,4.938119521186578,1.4004544125994072,-0.0028465343632965,631.4351297515863,-0.3028761148452759,0.0614512041211128,1.4114032983779907,0.8771893683571408,3.6140814886410753,0.1558031439781189,0.090366743505001,1.2677511907210088,0.0812031841695028,339970,4374221,2.146393822624398,0.07025570357850151
08x0064_01d@0,3745984,0.3258166054726519,3.489196300506592,32.75960824259406,0.0328256413340568,8.803646104419485,4.908090536758252,1.4003443613239517,-0.0028192428630635,609.637514339729,-0.3036878705024719,0.0599539950489997,1.411370038986206,0.9030677952049456,3.771930736709826,0.1552515178918838,0.0888211280107498,1.2689369213611328,0.0792985218455783,339502,4374689,2.141403253091587,0.07031938920883848
08x0064_03d@2,3745984,0.4372124802274639,2.6773600578308105,14.546640272259262,0.0053649530746042,13.808322090993258,11.16644331878116,1.396680083587473,-0.0069046189212725,2293.317855841016,-0.3232100307941437,0.0290074739605188,1.40921151638031,2.350669411943472,11.714073003831308,0.2294245958328247,0.093128778040409,1.2072137408441752,0.0837884577383301,562502,4151689,2.595288612538837,0.06122651146718294
08x0064_10L@5,3745984,0.4881744484424958,2.302250623703003,9.996655866375749,0.0010794771369546,24.095609601643073,30.273660767832645,1.3959593213505592,-0.0208973394650994,19389.987930162344,-0.3264047503471374,0.0241230204701423,1.4065982103347778,4.419929490782667,20.34193599994891,0.320343554019928,0.0915460661053657,1.1303711932152982,0.0815764075172656,757538,3956653,3.155552057405128,0.0537927066914835
08x0064_10L@9,3745984,0.4986183353799689,2.236361026763916,9.359211324757352,0.0008464747807011,26.56209956132587,36.4888564668256,1.3959329698178322,-0.0253842618146175,28528.52942564045,-0.3265604674816131,0.0238324310630559,1.4063118696212769,4.747361818271947,21.71769579565065,0.330089807510376,0.0895019173622131,1.122680386894869,0.0794116106216598,778968,3935223,3.2532191048916244,0.05334451528926382
08x0064_10d@5,3745984,0.4876439282590771,2.304339408874512,10.017558555928192,0.0018505353946238,18.726742076220596,20.60805074537492,1.3967459282675434,-0.0127017725292901,7819.187742592482,-0.3248083293437958,0.0253448225557804,1.4070215225219729,4.790482643461128,25.436590619358576,0.2887259125709533,0.0823534131050109,1.1627309589806158,0.0706071257220773,681489,4032702,2.900428909438032,0.059691359174298436
08x0064_10d@9,3745984,0.496226433905267,2.2488296031951904,9.476637916402655,0.0016371984966099,19.451836137912665,22.687734168132796,1.396671923128481,-0.0137199263548243,9046.54562299661,-0.3251060545444488,0.0247296653687953,1.406867742538452,5.214889931853651,28.039939218060297,0.2943888902664184,0.0796919018030166,1.1590776129576204,0.0677634728452183,691941,4022250,2.937960906186973,0.06047506287705685
12x0064_01L@0,3945152,0.4041925306746091,2.97365665435791,19.563325282158168,0.0109868049621582,11.817307807598464,7.767999526663831,1.3984906967587127,-0.005042983635027,1519.6373996779791,-0.3151740729808807,0.0412252098321914,1.4106346368789673,1.2766961131191552,5.865016017491672,0.1800644397735595,0.0904416292905807,1.247179723520777,0.0844165492748795,518833,4195358,2.440557204505868,0.05980198990990075
12x0064_01d@0,3945152,0.4041776820489237,2.9666121006011963,19.425994669915397,0.0112512521445751,11.60066101428561,7.619496690761576,1.3984487662725351,-0.0048643463331972,1406.407403489888,-0.31557697057724,0.0403461530804634,1.4105429649353027,1.337447580274705,6.279923942193198,0.1768230348825454,0.0867654383182525,1.2516888405190656,0.0796315073727449,503160,4211031,2.421624768355309,0.060592220191523195
12x0064_03d@2,3945152,0.4732965497521234,2.410952091217041,11.14456673962797,0.0024264669045805,17.457628767169833,16.656155601161508,1.3964718856872398,-0.0109956345101637,5681.101631071861,-0.3245204389095306,0.0268869157880544,1.4084800481796265,3.18957135145652,17.79014228251718,0.2335877120494842,0.0866952314972877,1.206789017895123,0.0764873017845267,645735,4068456,2.831960599769619,0.05657774844632793
12x0064_10L@5,3945152,0.5063644391536198,2.1733293533325195,8.787492057823622,0.0004505442338995,35.18264288984405,56.96525166402728,1.3963120425050022,-0.0442932971988165,90558.7554983944,-0.3256343305110931,0.0255681034177541,1.4070965051651,4.187559586573112,21.96184316472037,0.2844040691852569,0.0862244889140129,1.1657296165574436,0.0722684818531729,818339,3895852,3.5370250490040083,0.04792626904478581
12x0064_10L@9,3945152,0.5183290374845071,2.1053996086120605,8.21038329400981,0.0003358131798449,39.62380728085835,70.8599739659457,1.3959758731798269,-0.0561338140881399,140163.9475164543,-0.3265038132667541,0.0243963822722435,1.407055377960205,4.276062668463216,22.97981666164157,0.2866352200508117,0.0863897204399108,1.1639669695499404,0.0719124856371554,844062,3870129,3.6563733666428933,0.046948747538293846
12x0064_10d@5,3945152,0.506536471088347,2.174479484558105,8.797604641118076,0.0011463621631264,22.368267075503216,27.11785306609676,1.3972572244980597,-0.0180437978031571,16740.099894712635,-0.3234289288520813,0.0272284783422946,1.4081270694732666,4.955771982827807,32.70808712492403,0.2437272816896438,0.0720290094614029,1.2061261941692385,0.0578068576854225,702656,4011535,3.0803496022097585,0.0552305122767944
12x0064_10d@9,3945152,0.514694306039933,2.1265082359313965,8.38553532098988,0.0010002641938626,23.446417410228577,29.460399354192628,1.3971329514120023,-0.0198136932454152,19894.125628663835,-0.323694109916687,0.0269389785826206,1.4081926345825195,5.156879910289232,35.68127238246292,0.2398047298192978,0.0692851096391677,1.2106903616522464,0.0546211241290129,708780,4005411,3.12774239771106,0.0545787760771459
01x0128_01L@0,6893184,0.281938704448924,3.654963970184326,38.66612795660082,0.0519955903291702,10.275822853828384,6.937179985201024,1.4005452333430732,-0.0038495305829911,1170.138342654962,-0.2997257709503174,0.0679647922515869,1.41078782081604,1.0658917064511926,4.272216589297322,0.1682967245578766,0.0897532925009727,1.2600291226378486,0.0757354844001078,199368,4514823,2.2946042538332923,0.07340745889239667
01x0128_01d@0,6893184,0.2823786480156615,3.65120530128479,38.52106757174287,0.0507071241736412,10.252865270836285,6.920765061948758,1.4005211683129004,-0.0038328466946813,1155.9612020901322,-0.2999829351902008,0.0674084350466728,1.410761475563049,1.081156384463915,4.348275068539424,0.1679566353559494,0.088727168738842,1.2607471623101731,0.0746055972057271,199294,4514897,2.2923122886187604,0.07350164102444416
01x0128_03d@2,6893184,0.3750442542076232,3.007628917694092,20.239353813397862,0.0099374027922749,13.5421593578127,14.801987667825168,1.3951024277233472,-0.0067799521550037,1862.9555543209328,-0.3241120278835296,0.0271802693605422,1.409079909324646,2.3806000715601083,11.24463498074613,0.2464343756437301,0.0933275297284126,1.1947202921982047,0.0797771926536832,501282,4212909,2.564783212268031,0.0834152818326307
01x0128_10L@5,6893184,0.4462837177819292,2.5054917335510254,12.24958101502895,0.0018423055298626,22.634759619940233,41.53789898090499,1.3921343675945113,-0.0189473460970314,10920.198078357222,-0.330704778432846,0.0180472042411565,1.4055781364440918,4.984067174328743,20.09298161634009,0.3506507575511932,0.0818210244178772,1.10807795142746,0.0708639679563252,712038,4002153,3.0790061729245917,0.08156934141646482
01x0128_10L@9,6893184,0.4573686411025656,2.435925006866455,11.426383309471692,0.0014335013693198,24.928929524605902,49.86607775939394,1.391794601740018,-0.0229651032836461,15563.068207526492,-0.3312911093235016,0.0172685030847787,1.4047884941101074,5.538246569718141,20.96444647971153,0.3653671145439148,0.0768635049462318,1.0965416697237182,0.0668641904428547,726805,3987386,3.176042034265678,0.0805006391844176
01x0128_10d@5,6893184,0.4450434332907461,2.5136590003967285,12.350036275989146,0.0024926390033215,19.810161158792887,32.92944244579578,1.3929892934887873,-0.0145515462895301,6966.684683992713,-0.3295366168022156,0.0191030576825141,1.4056061506271362,5.145350211645387,21.7365443474995,0.3277098834514618,0.0742444545030593,1.1325400170167954,0.0619352781449239,672380,4041811,2.944208926251156,0.08469089087297722
01x0128_10d@9,6893184,0.4551752869656006,2.449658155441284,11.584385982969549,0.0021236108150333,20.910767933055745,36.77946681577996,1.3928494945436685,-0.0162164211896889,8539.868041553784,-0.3299278914928436,0.0184480361640453,1.4049173593521118,5.698272136368859,22.99976646477569,0.337588220834732,0.0696459040045738,1.1255010740889932,0.0580727083954987,680004,4034187,2.9982799113396057,0.0845872879369918
02x0128_01L@0,7091072,0.3266763408998394,3.467356443405152,32.051899340509976,0.0261654015630483,9.687110068746584,6.4164682795146595,1.399524534851708,-0.0034296781017213,804.7391503316979,-0.3071443140506744,0.0541505105793476,1.410832166671753,0.9156123823732903,3.3981205090878417,0.1602357029914856,0.0884828642010688,1.2665948001951777,0.0752684790501799,335097,4379094,2.2344660137296355,0.07555252619019807
02x0128_01d@0,7091072,0.3276773503942628,3.4578664302825928,31.74916514294493,0.0259280819445848,9.674306763756942,6.411492735091928,1.3994674712905983,-0.0034210278041381,794.5286390870847,-0.3075259029865265,0.0534215979278087,1.410810947418213,0.9324461983368412,3.490590862986096,0.1601039767265319,0.0876403898000717,1.2670779497619684,0.0743077495753074,337643,4376548,2.2331099683751092,0.07558679534915087
02x0128_03d@2,7091072,0.4229762542899271,2.754051923751831,15.70614322051242,0.0069549297913908,13.192876005819928,12.216891918030216,1.3941973093008444,-0.006372073457463,1500.9635334096065,-0.3268894851207733,0.024177648127079,1.4086211919784546,2.1957900136784496,9.361172721506495,0.2444260716438293,0.0946639627218246,1.194480975077181,0.0843657497154047,597360,4116831,2.5442824343734056,0.07177422176283973
02x0128_10L@5,7091072,0.4759949692856178,2.33301043510437,10.308929228856094,0.0017419953364878,21.97826363814391,35.07715966284963,1.3917102252073148,-0.0177244127084729,9201.803015634434,-0.3317281603813171,0.0173053964972496,1.4051005840301514,4.779923844939044,18.73938378765608,0.3439972102642059,0.0841010585427284,1.1123582322326242,0.074667079893536,721784,3992407,3.0539609139932105,0.07257696193286693
02x0128_10L@9,7091072,0.4861283078230408,2.26453185081482,9.626616853207484,0.0013699876144528,24.06912343604546,42.118511156708585,1.3914059182222531,-0.0212588866088465,12889.08226935648,-0.3323340117931366,0.0163744445890188,1.4042975902557373,5.324392947875892,20.15104617706768,0.3581162989139557,0.0796326547861099,1.10143335655532,0.0706141008632298,744067,3970124,3.144856092395197,0.07246200727410436
02x0128_10d@5,7091072,0.4757546336727375,2.3344974517822266,10.324270181849874,0.0022085984237492,19.659011512925183,28.90939175713197,1.3922576972704537,-0.0142099458296526,6210.994085256887,-0.3312432169914245,0.0176044311374425,1.4050778150558472,5.020309166121892,20.56077087218867,0.3262728750705719,0.0774821043014526,1.1316737309100695,0.0667708614336798,672934,4041257,2.9412547885988065,0.07505232479592185
02x0128_10d@9,7091072,0.4851143588119487,2.270988941192627,9.688977907068171,0.0018716633785516,20.802130673119443,32.519449716907566,1.3921342246109192,-0.0159156738449588,7705.251607292254,-0.3316235542297363,0.0169403441250324,1.4042956829071045,5.597693803180881,22.30874411099645,0.3356290161609649,0.0726447626948356,1.1253686573981536,0.0622892824953941,684984,4029207,2.997651484883234,0.07523992071481846
04x0128_01L@0,7486848,0.416319827518364,2.8729922771453857,17.689872083607092,0.0082399547100067,11.87282053713407,8.503121120968732,1.3965036459452205,-0.0051131191076186,1232.8382383570322,-0.3215700685977936,0.0320159718394279,1.4100656509399414,1.3789831061189393,5.702795446128412,0.1959187090396881,0.0901674553751945,1.2360422041073154,0.0803647320053292,642833,4071358,2.443335215645779,0.06318741672896008
04x0128_01d@0,7486848,0.4167595589618774,2.8641343116760254,17.533867768006495,0.0082906782627105,11.796844952540548,8.467556294473631,1.396370155864159,-0.0050503837394396,1184.9389819643404,-0.3219871819019317,0.0313511490821838,1.4100112915039062,1.4205609126207508,5.950645288932978,0.1947311908006668,0.0884320214390754,1.237903807094189,0.0781342277094607,636254,4077937,2.436730563113715,0.06348201811014091
04x0128_03d@2,7486848,0.5000484701567018,2.2167000770568848,9.176997459990371,0.0020943959243595,18.136976904699235,20.062743475752566,1.3922471785548427,-0.0119393811033353,4380.737237234861,-0.3318308889865875,0.0173959489911794,1.4070700407028198,3.6714590180763818,17.84662433220792,0.2779718041419983,0.0900030434131622,1.1683878989649463,0.0789286019125613,861063,3853128,2.8677355174413557,0.060677615134660697
04x0128_10L@5,7486848,0.5337656687471005,1.9725481271743772,7.188971583180294,0.000624150794465,30.1747847323054,51.41162129895718,1.392030771717539,-0.0329066603809365,32636.30512504752,-0.3328580260276794,0.0157611295580863,1.404297947883606,5.832645258666998,23.80393767555078,0.3488946259021759,0.0774749442934989,1.11167664225942,0.0663877660386484,967504,3746687,3.3789891044196145,0.056229712451322536
04x0128_10L@9,7486848,0.5417584718303541,1.9272068738937376,6.870293820103581,0.0004999560769647,33.179472696451775,60.833742704861,1.3917853614293532,-0.0397410054092739,46571.58982942765,-0.3332324624061584,0.0153103657066822,1.403873324394226,6.131049882379896,24.15453875796196,0.3551492989063263,0.0748664960265159,1.107077712939747,0.06408226042499,977940,3736251,3.4745328391604207,0.054959288361780656
04x0128_10d@5,7486848,0.5315290414724236,1.9853583574295044,7.281656353607344,0.0010795404668897,23.27422786649526,32.420922256436924,1.3928480446585845,-0.0196397610832572,12525.350872846382,-0.33182492852211,0.0165787860751152,1.4046276807785034,6.296262643057888,28.54888386186371,0.3172113299369812,0.0687266439199447,1.1442546763614931,0.0562603551770147,872449,3841742,3.117697867766581,0.05946993341410652
04x0128_10d@9,7486848,0.5376697966862534,1.9490575790405276,7.022066718405437,0.0009739899542182,24.186430738085498,34.65226658832791,1.3928762232336136,-0.0211971303042806,14628.891240743436,-0.3318639397621155,0.0164411049336195,1.4042372703552246,6.6894186267380364,29.54253814756153,0.318378210067749,0.0648412629961967,1.1448531433553064,0.0525564961991047,866789,3847402,3.156444777295109,0.058868660379461785
08x0128_01L@0,8278400,0.4403219945692212,2.7179458141326904,15.14917104766572,0.0077005405910313,11.841169198196344,8.081344359293823,1.3962005417452117,-0.0050730143641782,1173.3062638648007,-0.3225290179252624,0.0309394896030426,1.4097076654434204,1.3963312481563126,5.668102961561954,0.1985373795032501,0.0908073484897613,1.2329135151323278,0.0828520864570837,695694,4018497,2.4420551220512285,0.060339374898040206
08x0128_01d@0,8278400,0.4402114783694766,2.713606357574463,15.083574308049194,0.0079207075759768,11.774850503887741,8.074259863054609,1.3961664861328595,-0.0050191943092625,1144.234494915989,-0.3227000832557678,0.0305864252150058,1.409660816192627,1.4374833465553951,5.915112865499668,0.1972116529941558,0.0891200229525566,1.234921481519489,0.0805481331683437,684376,4029815,2.436190555486131,0.060789049810185125
08x0128_03d@2,8278400,0.5156111026143976,2.1215269565582275,8.343868490082182,0.0021523043978959,17.60325974153018,18.168650236650404,1.392694367495606,-0.0112220437278591,4031.617808976794,-0.3313730657100677,0.0180340427905321,1.4066344499588013,3.684031273828419,17.82359542715044,0.2802197635173797,0.0911290124058723,1.165697413904423,0.0807125619790962,873950,3840241,2.8388671362894926,0.058818233043449734
08x0128_10L@5,8278400,0.5527767884586299,1.8620073795318604,6.436644600263442,0.0006463990430347,28.40174075387401,42.017460343121854,1.3916514420528705,-0.0290323926130153,24562.86321200702,-0.3335028290748596,0.0151077983900904,1.4039421081542969,5.8117324562917325,24.19119276800003,0.3525296449661255,0.0803267508745193,1.1070437079786175,0.0693970987376045,997672,3716519,3.320563793972222,0.051981944525223936
08x0128_10L@9,8278400,0.564065137951157,1.7993733882904053,6.045857871898344,0.0005165660986676,31.181175732000007,49.54240911194248,1.391449657250552,-0.034955064121485,34982.83203094229,-0.3339049816131592,0.0146010927855968,1.4035762548446655,6.141741419872277,25.076628801947628,0.3592467904090881,0.0780278593301773,1.1019503761248397,0.0672138988634982,1022600,3691591,3.4144824855068645,0.050868605808432055
08x0128_10d@5,8278400,0.5515471101286507,1.8713176250457764,6.496851175883096,0.0010994747281074,22.179443291742345,27.59312397718567,1.3927753677093524,-0.0177723003833313,10187.811687839292,-0.3323022425174713,0.0161247514188289,1.4044796228408811,6.285105155528889,28.887639034080426,0.3226002752780914,0.0717741027474403,1.1381072583082137,0.0595131769696074,909075,3805116,3.0712506941001787,0.05610254470572208
08x0128_10d@9,8278400,0.5602511623822372,1.820604920387268,6.175593062344945,0.0009762954432517,23.114255854079012,29.559171881533295,1.3926579391822764,-0.0192880057612108,11870.136811943848,-0.3326080739498138,0.0156430453062057,1.4043458700180054,6.73024352915066,30.70689181161021,0.3246685266494751,0.0683851838111877,1.1377660425310772,0.0561532103617066,913977,3800214,3.112927890596973,0.055295898951197096
12x0128_01L@0,9069952,0.4946832374501007,2.3052878379821777,10.027064006961076,0.0030013713985681,15.817683680652236,13.326447600770551,1.3942878537942585,-0.0090149530908573,3031.597259974388,-0.3280872702598572,0.0231241434812545,1.4087082147598269,2.1859502407075797,10.111893380012052,0.2240592390298843,0.0924575477838516,1.2111341290137898,0.0850383280281763,840514,3873677,2.734259426740196,0.054450162264679566
12x0128_01d@0,9069952,0.4944329320456888,2.3029134273529053,10.00328388266485,0.0031712830532342,15.440946075342765,12.90808212880479,1.3944221026744887,-0.0085977851762406,2794.810939669141,-0.3279552757740021,0.023177022114396,1.4086488485336304,2.285015618503448,10.82006732891596,0.2195852845907211,0.0887718871235847,1.2168432856040694,0.080124406466297,816076,3898115,2.7097319468017766,0.055281689816587674
12x0128_03d@2,9069952,0.549278452247138,1.903944969177246,6.712322183815185,0.0011576587567105,21.686106003704445,23.662023468000417,1.393653447320605,-0.0168975235236523,10007.84994978667,-0.3306885957717895,0.0188405681401491,1.406778335571289,4.527496149140687,24.209334899007462,0.2633749544620514,0.0798436924815177,1.1859189034731925,0.0668485692340663,906215,3807976,3.0514459045272067,0.05088493944837877
12x0128_10L@5,9069952,0.5749479078392471,1.7313511371612549,5.648280356566301,0.0002677468000911,41.23197828862894,73.62817535304102,1.392128466997369,-0.0606767135427128,111945.8316722819,-0.333090603351593,0.0161186642944812,1.405378818511963,5.108454739105461,25.78800991828844,0.2944150567054748,0.077976606786251,1.1611762381535673,0.0628414791626753,1053451,3660740,3.697560502068198,0.0436039588356999
12x0128_10L@9,9069952,0.587377904523761,1.6646065711975098,5.283594122684812,0.0002071891940431,46.12357067103441,90.54377209822555,1.391330289874094,-0.0758731679744945,163122.85377128058,-0.3340804576873779,0.0148895001038908,1.4053328037261963,5.178534098594945,26.93780885628617,0.2965617775917053,0.0794498845934867,1.158813388185268,0.0640298284439084,1081794,3632397,3.810109434234716,0.04265720641322671
12x0128_10d@5,9069952,0.5727138260432592,1.7451345920562744,5.7266721881396485,0.000595889694523,27.92384550489174,34.03870993212021,1.3946505154627022,-0.0278386252504042,29985.4061950164,-0.3295840620994568,0.0201372317969799,1.4065067768096924,5.939174057295875,34.77256760538744,0.2492503374814987,0.0592715553939342,1.2071035259376397,0.0444017544081628,878265,3835926,3.3074426771143144,0.044584671991341196
12x0128_10d@9,9069952,0.5811726638498117,1.700167536735535,5.474864555830893,0.0005131407524459,29.531023862586526,36.3921244079727,1.3945276808075655,-0.0310780052641591,36907.92529313179,-0.3297403156757355,0.0200138390064239,1.4067516326904297,6.096097783357371,37.36330918357842,0.2434951514005661,0.0567085742950439,1.2129539491868928,0.0417537119956984,876362,3837829,3.364344062182568,0.04271065722890563
01x0256_01L@0,14179584,0.3560344072354383,3.172844409942627,23.8752990022453,0.01105248183012,13.181530970893782,13.480359166316244,1.396346987792632,-0.006405058044881,1900.8883599178648,-0.3197564780712127,0.0336240269243717,1.4094817638397217,1.5118307142246754,5.963442141234889,0.1939987540245056,0.0780616104602813,1.2445214971703618,0.0631706069391601,467334,4246857,2.53896945107249,0.08146866916125127
01x0256_01d@0,14179584,0.3562533184026866,3.1693952083587646,23.79309014208007,0.0110208559781312,13.136539527869562,13.473523966299078,1.396283890834697,-0.0063643176598388,1863.667755982381,-0.3199579119682312,0.0332849621772766,1.4094583988189695,1.5331123092445638,6.084922404140313,0.1932130455970764,0.0770587399601936,1.245591252300851,0.0620781858049828,466754,4247437,2.535333611717007,0.08187753236331734
01x0256_03d@2,14179584,0.4438025124298906,2.515110731124878,12.367978223431884,0.0033528490457683,17.692280493032783,26.66864316546329,1.390841589645766,-0.0116202969325024,3668.3247451499433,-0.3315472602844238,0.017373327165842,1.406731367111206,3.430778374528733,14.494737336010528,0.2830661535263061,0.0811383947730064,1.1687015695025087,0.0680063995258509,808308,3905883,2.831100887118114,0.08425815538309772
01x0256_10L@5,14179584,0.5009652667311663,2.137282371520996,8.476370673035174,0.0010764037724584,28.086922968790354,66.16558898654506,1.38824979117413,-0.0292500878302683,18862.586087449115,-0.3348570168018341,0.0129027497023344,1.4018888473510742,6.44826577801615,20.243989333996083,0.3747269809246063,0.0625589787960052,1.0940491132743206,0.0536041217864653,865896,3848295,3.2943211467506117,0.08171997954530072
01x0256_10L@9,14179584,0.5117867330074979,2.0726609230041504,7.945938542788578,0.0008791807340458,30.608845410187183,78.22602967789956,1.3875945980153188,-0.0347264905265887,25303.84044283585,-0.3355186879634857,0.0120625747367739,1.4011366367340088,7.054313632703673,20.34252182734652,0.386549562215805,0.0582145377993583,1.084747342969574,0.050225588081139,884764,3829427,3.3805594365701395,0.08113714880199721
01x0256_10d@5,14179584,0.4998287104965571,2.14462685585022,8.538854419187459,0.0014566031750291,24.317006361323045,50.22320750578084,1.3894217213416944,-0.0219464384185533,11638.477522928222,-0.3339112102985382,0.0137562472373247,1.4021669626235962,6.631848137810578,22.2578510608971,0.3512983024120331,0.0574443265795707,1.1180571963773691,0.047352866682562,817664,3896527,3.1495079682357177,0.08324674003924022
01x0256_10d@9,14179584,0.509350922025412,2.0879032611846924,8.067980968358569,0.0012933571124449,25.480660613995013,55.26529644033758,1.388947500354592,-0.0241012408064919,13517.875120560377,-0.3345041275024414,0.012944696471095,1.4014698266983032,7.249054532559615,22.79918324693091,0.3586740493774414,0.053194310516119,1.11300095651667,0.0438820397452896,823899,3890292,3.1962388663278998,0.08318512402793414
02x0256_01L@0,14968576,0.4110275652008457,2.899120569229126,18.158169492639303,0.0081136617809534,12.844844784494816,11.220064781241057,1.3958093505944145,-0.0060279734025716,1587.2863193018345,-0.3220824003219604,0.0312679931521415,1.4093173742294312,1.3715459100146397,5.165554855711871,0.1881219893693924,0.0791611671447753,1.2482170219568955,0.0657122338471018,660036,4054155,2.518174858718949,0.0709656915823691
02x0256_01d@0,14968576,0.4111826272776466,2.894808769226074,18.080043649910444,0.0081014744937419,12.806909034877952,11.240328735417332,1.395723682671225,-0.0059953770954719,1555.7301209644916,-0.3223238885402679,0.0308766588568687,1.4092949628829956,1.392924026014141,5.28631442737818,0.1875390857458114,0.0782952010631561,1.2490847066560398,0.0647111479988586,654742,4059449,2.514990579493161,0.07138716848001321
02x0256_03d@2,14968576,0.4886322103600558,2.2585983276367188,9.569666225005369,0.0028276378288865,17.658636338976773,23.565641823631154,1.3892344147761582,-0.0114734630899139,3133.8991638965176,-0.3337623178958893,0.0150744710117578,1.4058752059936523,3.5302036681576654,14.83524676266876,0.2929752469062805,0.0860841646790504,1.157252937400301,0.0748174613339978,847466,3866725,2.8342009468477927,0.07397980266002192
02x0256_10L@5,14968576,0.5312838270253897,1.9524145126342771,7.045678940226487,0.0010643978603184,26.358258817360877,52.175835561660534,1.387770942019969,-0.025551856137727,13882.1891438704,-0.3357062339782715,0.0121625093743205,1.401469588279724,6.557080149562269,21.966248139807107,0.380275011062622,0.0658105760812759,1.0875816329893042,0.0566178596455803,898891,3815300,3.235211817134214,0.07274253426337382
02x0256_10L@9,14968576,0.5403067004847653,1.9003145694732664,6.687997951404826,0.0009010240319184,28.324782827109843,60.604023609955526,1.3870903774218526,-0.0295188585343312,17616.068516962554,-0.3363463282585144,0.0112875690683722,1.4007238149642944,7.117201751416284,22.246527036562387,0.3908319771289825,0.0611752569675445,1.0796176596850189,0.052763365353299,907463,3806728,3.3070361239546684,0.07290478164181345
02x0256_10d@5,14968576,0.5295586288439645,1.962206482887268,7.115008903328464,0.0013836459256708,23.2976434002288,41.44134145150895,1.3883576289476365,-0.0199856360096406,8879.481564221096,-0.3352855741977691,0.0125066880136728,1.4015427827835083,6.8438226129630895,24.13686457644746,0.3624491691589355,0.0614927969872951,1.10614400338018,0.0515487129387589,831674,3882517,3.111048469590524,0.07432831643006454
02x0256_10d@9,14968576,0.5380316789065303,1.912804126739502,6.772051890436252,0.0012445950414985,24.296941111539876,45.41211717444729,1.38776514630158,-0.0217484917589697,10052.603417035503,-0.3358882069587707,0.0116709414869546,1.4008574485778809,7.471171444904913,24.75520936527333,0.3695550262928009,0.0566341467201709,1.1015968383572952,0.0473758202518571,835801,3878390,3.152843176274473,0.0746465886147945
04x0256_01L@0,16546560,0.5024390988920592,2.240482807159424,9.397867550021106,0.0027428842149674,16.157699179037667,16.06040120295514,1.3913216276502545,-0.0094804014289266,2544.664138456905,-0.3322225213050842,0.0173963010311126,1.4079225063323977,2.341572196717661,10.252842195966872,0.2384253740310669,0.0881745368242263,1.2024051669271367,0.0773734393492789,1018839,3695352,2.751921954225671,0.06122877116883738
04x0256_01d@0,16546560,0.5020078523775089,2.2394933700561523,9.388573549848012,0.002806263975799,16.035222974924235,15.975483638767026,1.391292298923974,-0.0093426147032806,2464.950510101755,-0.3322772085666656,0.0172822978347539,1.4079047441482544,2.4027424089807483,10.679489768400671,0.2359246611595153,0.0861533433198928,1.2055837247133572,0.0747208958075511,995610,3718581,2.7440389409161274,0.06174974824527005
04x0256_03d@2,16546560,0.5592261829634929,1.823353886604309,6.192592914347555,0.0012282858369871,22.08509173627301,29.456893809170502,1.3891280358445173,-0.0176931842894715,7390.537444935328,-0.3355098366737366,0.0126022230833768,1.404424786567688,5.233368943193792,23.23520965843945,0.3151427507400512,0.077755182981491,1.1421328261876322,0.0652490854712579,1056687,3657504,3.0653953228649335,0.05878647092993717
04x0256_10L@5,16546560,0.5882983071930349,1.6365556716918943,5.137443959785418,0.0004642790008801,33.769948447731956,62.92832827932953,1.388095803023528,-0.0411650107346337,36929.3208693039,-0.3366874456405639,0.0111365588381886,1.4018844366073608,7.219630332326799,25.57071929690994,0.3640202581882477,0.0627589374780654,1.104756839973076,0.0514733047915048,1149077,3565114,3.49263805715311,0.05359757462305878
04x0256_10L@9,16546560,0.5979681564858479,1.5860333442687988,4.884335972246644,0.0003811764181591,36.763461513993924,73.36608849836797,1.3873780896954646,-0.0487450629887898,49069.81117980703,-0.3372555375099182,0.0104527659714221,1.4015731811523438,7.5155192203853245,26.12844803084215,0.3672313988208771,0.0608382374048233,1.1026393493730358,0.0497250929827832,1162593,3551598,3.578052932424889,0.0525936220097579
04x0256_10d@5,16546560,0.586189590222477,1.6496275663375854,5.205040933689706,0.0007506345282308,26.66304388981031,39.85942440590698,1.3897790113825863,-0.0256833596869192,16407.712394158632,-0.335389494895935,0.0123883811756968,1.4024019241333008,7.861943726676658,29.81443305618018,0.3336046040058136,0.0541212223470211,1.135931980405885,0.0424506426929973,1030967,3683224,3.25570069901917,0.05508512664400297
04x0256_10d@9,16546560,0.5938211474551258,1.6087360382080078,4.996491860150026,0.0006759191164746,27.761418182768768,42.32374351686762,1.3897190764137308,-0.0278126243578389,19147.769891105705,-0.3354870676994324,0.0122155733406543,1.402165770530701,8.289597943347923,30.688289390692496,0.3314811289310455,0.0504076443612575,1.1392846251992066,0.039069429096218,1025396,3688795,3.296638104642478,0.05394392717835204
08x0256_01L@0,19702528,0.5266355708161716,2.09570860862732,8.131200768265177,0.0025126251857727,16.326901072085086,15.113656027293638,1.3915661097950198,-0.0096360439805106,2685.6281288462087,-0.3320957720279693,0.0177264157682657,1.4076162576675415,2.4763915868238224,11.098638334836195,0.2450698465108871,0.0901545658707618,1.1958728087886203,0.0797510325361516,1115230,3598961,2.7645887356237164,0.05685676281229237
08x0256_01d@0,19702528,0.5260361105849277,2.096283435821533,8.135876147227135,0.0025806636549532,16.192958999916794,15.009411980490277,1.3915664255539797,-0.0094834708440331,2601.320714639123,-0.3320964574813843,0.0176887828856706,1.4075863361358645,2.5372940451626,11.519350370306078,0.2424458712339401,0.0879945233464241,1.1992391758504128,0.0769360577943288,1088561,3625630,2.7561088185537854,0.057316940572254976
08x0256_03d@2,19702528,0.5813408775665054,1.7012336254119873,5.48070435926003,0.0011290506226941,21.99269116069928,26.587950570088918,1.3897411597740763,-0.0174557165278329,7555.904722550626,-0.3352772295475006,0.0129238618537783,1.4043158292770386,5.345149209747971,24.091712408076894,0.3201395869255066,0.0800977945327758,1.136634062414652,0.0677860060730061,1149499,3564692,3.063780332320716,0.053699236316983145
08x0256_10L@5,19702528,0.6114681027126105,1.5099613666534424,4.526555914932812,0.0004330778610892,33.29682881810766,56.214229256009574,1.3876811883972058,-0.0398498602773258,33543.23216241541,-0.3372357785701751,0.0105407582595944,1.4020551443099976,7.183253568261633,27.10656797187555,0.3680604994297027,0.0681367963552475,1.0988761661044282,0.0563518920916985,1259116,3455075,3.480708902706087,0.04924636537374648
08x0256_10L@9,19702528,0.623038151846713,1.4519144296646118,4.271283765292628,0.0003584448713809,36.17829668007661,65.50182933587436,1.3867481637080308,-0.0470158983075565,43597.36388264185,-0.3378858566284179,0.0097861131653189,1.4016989469528198,7.45619911172562,27.81666163529671,0.3720365762710571,0.0668516084551811,1.0957940385821316,0.0551639014481312,1297002,3417189,3.5640762272606548,0.048465683881409316
08x0256_10d@5,19702528,0.6095558118475487,1.521480917930603,4.579001301606782,0.000692720990628,26.561672047031905,36.86700521697262,1.3897601158209474,-0.025396420566764,16018.829264398855,-0.3357337713241577,0.0120074097067117,1.4025954008102417,7.82040824472204,31.355344992431675,0.3364205360412597,0.0584023632109165,1.1318320042888883,0.0461165942893369,1143268,3570923,3.2537635904836266,0.05132694964618246
08x0256_10d@9,19702528,0.6186682013074851,1.4747979640960691,4.370152755969829,0.0006209511193446,27.726812905225817,39.44360901916522,1.3895114909963702,-0.0276484131642347,18608.2729409807,-0.3359751999378204,0.0116994744166731,1.4024991989135742,8.231464579095944,32.93262124421467,0.3343612253665924,0.0552670881152153,1.1349567062385923,0.0431521366460429,1149309,3564882,3.2971477807459983,0.050433986040190074
12x0256_01L@0,22858496,0.5604416490374591,1.85201108455658,6.372622527073551,0.0013933709124103,20.362593882132003,22.093887298088415,1.3904157259071843,-0.0149400780350607,5850.910918328992,-0.3338809907436371,0.0152600742876529,1.4069581031799316,3.374603252240942,16.161129871888043,0.2593792676925659,0.0874561518430709,1.1854814946945076,0.0758774597043346,1145398,3568793,2.987450300889354,0.05255211279267702
12x0256_01d@0,22858496,0.5593152747176057,1.8573319911956787,6.406621027796545,0.0015087706269696,19.68543967952578,20.914721783877596,1.3905889490958785,-0.0139720354991475,5192.019578556407,-0.3337338268756866,0.0153899397701025,1.4069565534591677,3.481843510788864,17.07327192724938,0.2528053820133209,0.0834952741861343,1.193031205982079,0.0710680213018839,1102221,3611970,2.9532731443360496,0.053283735871644214
12x0256_03d@2,22858496,0.6054497425990737,1.556857347488403,4.743889398691188,0.0007974780746735,24.938011233088275,32.33803569744839,1.3891514040284196,-0.022380998007056,11848.019059383614,-0.3360552191734314,0.0119788739830255,1.4051921367645264,5.740499906003446,28.595117013457838,0.2865483462810516,0.0721143931150436,1.1700762504462177,0.0578267241912813,1161352,3552839,3.1908391125936686,0.051011793426756866
12x0256_10L@5,22858496,0.6289803597228059,1.4139448404312134,4.112145206652347,0.0002341524086659,43.791145666321874,91.43813598364646,1.3864303648690324,-0.0687294556254986,91064.80068871152,-0.3381099998950958,0.0097586503252387,1.4039500951766968,6.25843771620209,28.622615763440415,0.3147551715373993,0.0721288248896598,1.1460108377015368,0.0571504564732146,1334595,3379596,3.7562332723721985,0.04607550476221712
12x0256_10L@9,22858496,0.642756702510542,1.3482024669647217,3.850497909054134,0.0001874381414381,48.382267087588446,110.12563047004924,1.3846933816785982,-0.0838452939188746,120167.69096527935,-0.3390956223011017,0.0085610290989279,1.403838038444519,6.338585720125328,29.512988497630765,0.3157106637954712,0.072956696152687,1.1449070533869148,0.0577681474609646,1376051,3338140,3.85633735189539,0.04518946209655143
12x0256_10d@5,22858496,0.6277141961982852,1.4224969148635864,4.147463385123833,0.0004915276658721,30.14559950749258,42.42279034722335,1.3908678316251195,-0.0325389473459951,28832.384513268917,-0.3349308967590332,0.0132299540564417,1.4043359756469729,7.079614075726215,36.16922708134827,0.2712785899639129,0.0541069321334362,1.1907109381517564,0.0396514774082815,1155224,3558967,3.382920291432252,0.04630423704957646
12x0256_10d@9,22858496,0.6368049490893656,1.3778642416000366,3.96642125718943,0.0004348415241111,31.618105923375364,45.507645623314254,1.390461364543479,-0.0357557030337767,33641.86947572342,-0.3353714346885681,0.0127273378893733,1.404513955116272,7.254394680812263,38.36266536790046,0.2655739784240722,0.0515594705939292,1.1965150358436387,0.0372048979179795,1154271,3559920,3.4312118738438127,0.045079476189665194
01x0512_01L@0,29932032,0.4227683735303307,2.697930097579956,14.848963986259577,0.0042741224169731,17.47688146789844,25.384698688065388,1.3933335469868502,-0.0113172282489532,4353.125545945284,-0.327235609292984,0.0232866555452346,1.4077211618423462,2.1635021596693145,8.33166100967893,0.2033001333475113,0.0608128570020198,1.243766571418345,0.0464457431630178,762502,3951689,2.8195213393027476,0.08330499426904818
01x0512_01d@0,29932032,0.422878041237179,2.694892168045044,14.803922331330618,0.0042639267630875,17.430867063634356,25.37312036934593,1.3932845931433953,-0.0112618835179894,4290.630839140019,-0.3273261785507202,0.0231343824416399,1.4076879024505615,2.1993750595940176,8.525361211367606,0.2021911442279815,0.0597403645515441,1.245086979805708,0.0453773894813427,754596,3959595,2.816720413522266,0.08360351787614981
01x0512_03d@2,29932032,0.5164549287997792,2.045141220092773,7.730250127471041,0.0016223253915086,23.520032791907045,47.20734563617388,1.386958486108244,-0.0205390556001526,8446.238174468084,-0.335428774356842,0.0125161362811923,1.4034900665283203,5.00342106798342,19.22947231415761,0.3010863661766052,0.0610475838184356,1.16168592984696,0.0483144638621847,941102,3773089,3.1165732504705383,0.0819640668339582
01x0512_10L@5,29932032,0.5521132670137144,1.8126344680786133,6.126566434112102,0.0007795155397616,32.432049779317985,89.6090431027049,1.385242158797064,-0.0390477500907334,27044.079224404635,-0.3369086682796478,0.0104444520547986,1.3993160724639893,8.009588800644515,20.57378226199402,0.3718266785144806,0.0444303080439567,1.1047264293905206,0.0359272371457584,945744,3768447,3.438160837649699,0.08105092347111913
01x0512_10L@9,29932032,0.5592798501391847,1.7736783027648926,5.892487902337179,0.0006887477939017,34.51224423288652,103.3917338928248,1.3842608560494702,-0.0442830869960137,32557.877339565875,-0.3375048637390136,0.0096962759271264,1.398619532585144,8.563812627915384,19.743341473708327,0.3804161846637726,0.0411109328269958,1.098058143795201,0.0334368545411632,951313,3762878,3.4996316600703934,0.08233752480729906
01x0512_10d@5,29932032,0.5499687012182873,1.8252010345458984,6.204042120535867,0.0010172832990065,28.504019104425343,69.69731232879653,1.3864052812881678,-0.0301783673109762,17521.70383662278,-0.3362689614295959,0.0110202180221676,1.399510383605957,8.291029907007132,22.58598061548455,0.3507502377033233,0.0406923554837703,1.1254444753970472,0.0318750878630814,877691,3836500,3.308658846719283,0.08195719389315581
01x0512_10d@9,29932032,0.556480035704581,1.789867281913757,5.988657610461178,0.000947632419411,29.515736735806538,76.0028991986312,1.3858183552813137,-0.0324021282962272,19378.94589773129,-0.3367126882076263,0.0104177640751004,1.398884892463684,8.91401004671989,22.049684228069506,0.3553597629070282,0.0371171385049819,1.122587455606035,0.0290787172514657,870411,3843780,3.342900949261597,0.08313995384745865
02x0512_01L@0,33082880,0.4645768003799551,2.455451726913452,11.651695744807508,0.0033934649545699,17.350707190324567,22.816238926825886,1.391540071582879,-0.0110790400395196,3541.831424186751,-0.3304198086261749,0.0195825416594743,1.4071122407913208,2.157376825620404,8.468078816550271,0.2073152661323547,0.0652387961745262,1.2386145670443656,0.0512048931304974,846943,3867248,2.8161453501562352,0.07528126092940542
02x0512_01d@0,33082880,0.4641122505192246,2.4563586711883545,11.662267977044236,0.0034200951922684,17.301359170447522,22.85262710329571,1.391460274518992,-0.0110217868947517,3480.9331651566145,-0.3305128514766693,0.0194349959492683,1.407090663909912,2.18830594998591,8.642142963735523,0.20593823492527,0.0640933513641357,1.2402104559667306,0.0500029862958406,836699,3877492,2.8130495042976533,0.07575439512334121
02x0512_03d@2,33082880,0.5355426249952007,1.9393390417099,6.9541530461800205,0.0015826730523258,22.542983326171733,40.4448988107966,1.3866231477671815,-0.0187681175601795,6883.645907590257,-0.3361488282680511,0.0117020700126886,1.402861714363098,5.033276595354493,19.65477909260805,0.3149327635765075,0.0669520199298858,1.1470571743932514,0.0543959226340122,943157,3771034,3.0771132347238237,0.07584451802620407
02x0512_10L@5,33082880,0.577969391043012,1.6753689050674438,5.340765020983239,0.0007581645622849,30.45507390739164,68.82155102853268,1.3854875586730708,-0.0340835633378291,20956.966878718027,-0.3375236392021179,0.0098152393475174,1.3985774517059326,8.138766438714551,22.10059857804117,0.3892765045166015,0.0479901954531669,1.087148362111163,0.0395565654227865,1021616,3692575,3.3806540737724022,0.07027379171010725
02x0512_10L@9,33082880,0.5907521486491675,1.6087020635604858,4.996322108983865,0.0006518677691929,32.50860526057114,78.5885738845574,1.3838336397484856,-0.0388408354379051,24355.45626276409,-0.3385004699230194,0.0086463512852787,1.3978503942489624,8.761614691990633,21.693989464153404,0.3994702994823456,0.0447436273097991,1.078869993089297,0.0370999713716897,1066011,3648180,3.4459472089040952,0.0700725217858343
02x0512_10d@5,33082880,0.574489933798463,1.6952251195907593,5.447872249948677,0.0009844894520938,26.951481744237825,54.4369205139878,1.3866518288658998,-0.0267110504430201,13972.31698888787,-0.336830586194992,0.0104990014806389,1.3988744020462036,8.442392893457074,23.94432164511872,0.3686419129371643,0.0440018735826015,1.1079225017870096,0.0352248418079088,934467,3779724,3.257922343354859,0.07145793035614892
02x0512_10d@9,33082880,0.5857600406937193,1.635509014129639,5.132069628247243,0.0008949233451858,27.991521728306633,58.7108007549029,1.3856579604247783,-0.0288120580544284,15153.44769734689,-0.3375564217567444,0.0095937615260481,1.3982447385787964,9.14488281903249,23.87949381394309,0.3743190467357635,0.0402257181704044,1.1041677589459116,0.0321763811751355,957459,3756732,3.2958642524151864,0.07122423612841837
04x0512_01L@0,39384576,0.5556949676522689,1.8672542572021484,6.470505641777389,0.0013905806699767,21.4985427715639,28.885863759659248,1.3883645241253526,-0.0167991316685556,6277.462872872834,-0.3355081975460052,0.0129352258518338,1.4054090976715088,3.5794212776919263,15.773537502012836,0.2585961818695068,0.0719526559114456,1.1935718791548953,0.0581955802811393,1143089,3571102,3.0376414976740502,0.060319610719117185
04x0512_01d@0,39384576,0.554280954240566,1.8750271797180176,6.520996356763654,0.0014386815018951,21.234417392003884,28.404702670993377,1.3884508395886623,-0.0163965590100971,6020.0220509745695,-0.335428386926651,0.0130099868401885,1.4053986072540283,3.639613878736868,16.20234436391937,0.2538686692714691,0.0694079399108886,1.198673442964402,0.0554463150715952,1111098,3603093,3.0250319345205865,0.060819514824810954
04x0512_03d@2,39384576,0.6028709605639593,1.5617717504501345,4.767260162441251,0.0008471306646242,25.977151087033317,40.78986416142142,1.3867104804940869,-0.0244800508834056,11786.498377325965,-0.3374609351158142,0.0101169850677251,1.4022510051727295,6.555259840214838,25.746186884614897,0.3215503990650177,0.0606684610247612,1.1441143585538385,0.0479030110896173,1158118,3556073,3.2280418047127384,0.057746462140055334
04x0512_10L@5,39384576,0.6291407248802087,1.405895709991455,4.079178866668554,0.0004041096253786,36.4778399125972,78.09488423608569,1.383947819048055,-0.0481911951786393,37778.78879711592,-0.3390848636627197,0.0082553746178746,1.3997641801834106,8.268885316320763,26.451767693030924,0.365045815706253,0.0523317232728004,1.1084650488368533,0.0412148252405385,1289488,3424703,3.568524933153615,0.055634724551048786
04x0512_10L@9,39384576,0.6402903457841888,1.351876974105835,3.864672617702962,0.0003465391055215,39.29556487002629,91.24463833971313,1.3823488729781797,-0.0559449553744294,45973.476054833336,-0.3397606015205383,0.0074740932323038,1.3997420072555542,8.512863763423818,27.160286049382638,0.3668873906135559,0.0515463501214981,1.1071361693017563,0.0404758483552508,1318929,3395262,3.64283920962273,0.05572258444869242
04x0512_10d@5,39384576,0.6263150314122676,1.4211008548736572,4.141677317220861,0.0006196715403348,29.50195047761138,51.45527732239077,1.3870777668537455,-0.0315345716724161,20087.36739804133,-0.3373925983905792,0.0099093159660696,1.4002842903137207,9.037641565649553,29.50565147431594,0.3317623436450958,0.04232619702816,1.1422374665116453,0.0317697443339535,1142260,3571931,3.3558417507974183,0.05670624038119453
04x0512_10d@9,39384576,0.635323904738854,1.3770179748535156,3.96306602668702,0.0005676681757904,30.665708053167226,55.21841635991973,1.3865968643998623,-0.0340586404575486,22629.130629275336,-0.3377178609371185,0.0095222732052207,1.4001489877700806,9.46476654684319,30.377374098823587,0.3286686539649963,0.0396079383790493,1.1459628196686933,0.0294327394944299,1148561,3565630,3.394714100511155,0.05635431417048178
08x0512_01L@0,51987968,0.596832236620911,1.6132683753967283,5.019189042809514,0.0008366290130652,25.39388656926091,34.952315562380576,1.3880260793415895,-0.0232553569721201,11723.676654852088,-0.3363274931907654,0.0119338622316718,1.405289888381958,4.51963622834574,20.79390155468976,0.2662375569343567,0.0702967643737793,1.188098380236238,0.0559488173641414,1254981,3459210,3.2082062986448263,0.05221765419532575
08x0512_01d@0,51987968,0.5945126691656196,1.6251710653305054,5.079287852921128,0.0009115154971368,24.48050537292514,32.68092550030176,1.388561768934897,-0.0216192854018813,10556.377203038508,-0.3359202444553375,0.012388277798891,1.4053113460540771,4.629744676868807,21.785511760378583,0.2567697763442993,0.0658350735902786,1.1979692528506127,0.0513316783574484,1207240,3506951,3.17137338262235,0.05265492662251755
08x0512_03d@2,51987968,0.6339928315077655,1.390622854232788,4.017351498280742,0.0005777783808298,29.176882303490856,44.36288993865833,1.3872673536537878,-0.0306394305325815,19229.63289613876,-0.3374138474464416,0.0103197563439607,1.4036060571670532,6.694745393869094,30.66372620844025,0.2767529487609863,0.0556677766144275,1.1853335358085304,0.041479801440517,1249626,3464565,3.348032158979478,0.050326968879335576
08x0512_10L@5,51987968,0.6542393568763243,1.275557041168213,3.5806954494451886,0.0002138154959538,47.32034747616674,116.78597313481076,1.3832288059546332,-0.0805965128419287,100867.21577873826,-0.3396062850952148,0.0078836493194103,1.4025167226791382,7.105270906191795,29.65256329553421,0.3051193654537201,0.0588870719075202,1.15986076694929,0.0444855716004281,1449205,3264986,3.8319288781800727,0.04934137125173001
08x0512_10L@9,51987968,0.668017184526629,1.2141300439834597,3.36736333171191,0.0001766243658494,51.98113811037906,142.3728233815632,1.3806026980995354,-0.0973045522836036,125129.24177929634,-0.3406525254249573,0.0066414959728717,1.4023510217666626,7.149716672226404,30.74040775216654,0.3050427436828613,0.0599742457270622,1.159590694671467,0.0452651870648766,1507292,3206899,3.925691478122763,0.04962710703226843
08x0512_10d@5,51987968,0.652194913242662,1.2877405881881714,3.624587860501157,0.0003939100715797,34.16375634222433,56.16944132765404,1.3900532746491607,-0.0418489931342024,44551.52665575302,-0.3355962336063385,0.0123867355287075,1.40256929397583,7.920384900810672,36.63397029982831,0.256161630153656,0.040322657674551,1.208194828062285,0.0279428113247762,1242672,3471519,3.5076769567079706,0.04670851949472674
08x0512_10d@9,51987968,0.6608334194200084,1.2486300468444824,3.4855646249066288,0.000357674609404,35.69571995763584,60.98062071177384,1.3888187728454835,-0.0456747043645936,48070.5361817876,-0.3366724848747253,0.0111885434016585,1.4026556015014648,8.106588223177495,38.53405690050997,0.2511700987815857,0.0386535711586475,1.2129078943471647,0.0265149459699763,1254385,3459806,3.551790588506165,0.046110857527662544
12x0512_01L@0,64591360,0.6090055642042908,1.5469775199890137,4.697251357024066,0.0007803646149113,25.57808326000465,34.09946588312434,1.3876672659655136,-0.0235473673599892,11699.819254293592,-0.3367835283279419,0.0113812498748302,1.4052305221557615,4.65416334516739,21.499500034216418,0.2711050808429718,0.0721352845430374,1.1831648021911367,0.0579126590778224,1332037,3382154,3.2164204801368785,0.05026798063093753
12x0512_01d@0,64591360,0.6067973614416403,1.558049559593201,4.749548493806672,0.0008491713088005,24.66047058581125,31.90387459846,1.388233055234377,-0.0218952378471218,10557.501668135905,-0.3364157974720001,0.0117882927879691,1.4052850008010864,4.769824542222138,22.56357141284247,0.2615455687046051,0.0675587207078933,1.1932267030653496,0.0531204980653334,1280188,3434003,3.179676244207732,0.050727967959493706
12x0512_03d@2,64591360,0.6462809177553714,1.3280744552612305,3.773769824399797,0.0005519219557754,29.243085317755888,43.08149694881507,1.386307209795341,-0.0307279030556293,18043.16908460165,-0.3380779325962066,0.0096129719167947,1.4032869338989258,6.795289825061324,31.476182853477635,0.2818886041641235,0.0584737993776798,1.179884127162818,0.044097535194561,1339002,3375189,3.351146691016788,0.04863953957480685
12x0512_10L@5,64591360,0.6651696423666079,1.221368432044983,3.391826042740001,0.0002073059295071,47.15870677593169,112.14242541412492,1.3819435278741217,-0.0799152372069574,91494.86161436826,-0.3402190208435058,0.0071908733807504,1.4022010564804075,7.225917580384211,29.96694900043976,0.3128829002380371,0.0611726641654968,1.1521862065287518,0.0467024367967541,1542760,3171431,3.829260787333811,0.04793269110809334
12x0512_10L@9,64591360,0.6786097698441806,1.1628321409225464,3.1989804220364837,0.0001766087807482,51.56706736798535,139.32775985683597,1.3783234322814664,-0.09573362858097,106359.74910874464,-0.3413848578929901,0.0057900971733033,1.4017951488494873,7.213906768402357,31.121544226600225,0.3164385259151459,0.0628494247794151,1.1484757557252423,0.0481278356852353,1620261,3093930,3.9178784231553903,0.04922276420942897
12x0512_10d@5,64591360,0.663363200990361,1.2325172424316406,3.4298524488742617,0.0003862143785227,34.11150604215962,55.04274440482971,1.388752553070208,-0.0416884135868763,39839.65921206056,-0.3367125689983368,0.011222131550312,1.40205717086792,8.01971701073335,37.09538224132288,0.2637438476085663,0.0430076234042644,1.200971777956253,0.0301799345352022,1332653,3381538,3.5065234735610455,0.04598764852376987
12x0512_10d@9,64591360,0.6713106097036617,1.1976629495620728,3.3123667018843306,0.000358949531801,35.46868142424027,59.97002686592413,1.3868135817922185,-0.0450874157563818,40284.7893102433,-0.337990254163742,0.0097649618983268,1.4020205736160278,8.21430462462784,39.03241784103049,0.2612543702125549,0.0415794551372528,1.203565514617621,0.0289221269369168,1344985,3369206,3.545540119868588,0.04582466466468128
01x0768_01L@0,47257344,0.4754372973295171,2.3337435722351074,10.316489858802536,0.0022694654762744,21.551599152326606,38.73288240169647,1.390340918648198,-0.0172141141028009,7718.300082948958,-0.3316320478916168,0.0176626835018396,1.4060978889465332,2.884697284625932,11.30053695008863,0.2060901969671249,0.0501515753567218,1.2454125061521355,0.0367683022961452,838536,3875655,3.0296222383579767,0.08158230949585513
01x0768_01d@0,47257344,0.474200194686695,2.340484142303467,10.386263775359115,0.0023066971916705,21.4651617243233,38.59036293088409,1.3904216150511457,-0.0170820405954558,7651.589024048187,-0.3315166532993316,0.0177954751998186,1.406099796295166,2.91574032422695,11.48845831940324,0.2037714719772339,0.0489102378487587,1.2477371727865156,0.0356099676949303,824048,3890143,3.0254116257562464,0.08197913896972232
01x0768_03d@2,47257344,0.5392857514072785,1.9010260105133057,6.692757760584185,0.0012496837880462,26.63209014325205,61.98191806460066,1.385756660396505,-0.0263836899011581,12793.279794444934,-0.3362089097499847,0.0115078622475266,1.4022091627120972,5.802348145393676,20.728118255082727,0.2934413850307464,0.0489794053137302,1.1730902418267974,0.0369775679939858,918176,3796015,3.2401083224823357,0.08311974431654824
01x0768_10L@5,47257344,0.5677155665143127,1.7193692922592163,5.581007369452611,0.0007015079609118,34.495270470994456,104.53208142720524,1.3839283406010592,-0.0442820262202266,31850.82049270639,-0.3375840187072754,0.0096225570887327,1.3979227542877195,8.72639456025912,19.542525717895032,0.3637292683124542,0.0358019396662712,1.115592909128564,0.0279946829970411,951649,3762542,3.498872927819965,0.0826313312092722
01x0768_10L@9,47257344,0.574792421515998,1.6817854642868042,5.3751445371611055,0.0006345171714201,36.43882035491532,119.57884303696733,1.3823227471789583,-0.0495129440801772,35942.50343202493,-0.3383591771125793,0.008710378780961,1.397209882736206,9.269699620766607,18.68326287878816,0.3722077012062073,0.0334803834557533,1.1087055223980753,0.0263573713614667,963314,3750877,3.552741901791084,0.08438297985974776
01x0768_10d@5,47257344,0.5652303308210166,1.7341564893722534,5.664148019137531,0.0008996215765364,30.57527182576238,82.22920773503931,1.3854748873992966,-0.0347931596218029,21817.647969475845,-0.3367190361022949,0.0104874847456812,1.3981505632400513,9.060733746578627,21.17107878678446,0.3407943546772003,0.0319887623190879,1.1376228100104269,0.0242263203974922,877663,3836528,3.378000708010764,0.08329347207972897
01x0768_10d@9,47257344,0.5714186016370397,1.7007418870925903,5.47800994943587,0.0008496668888255,31.54164164159165,89.22340448423667,1.3844691672534135,-0.0370859164540266,23152.606818333137,-0.3373272120952606,0.0097356606274843,1.3974928855895996,9.705929068151994,20.42843901333969,0.3453289568424225,0.02924788556993,1.134530320745104,0.0221835590775447,875567,3838624,3.408375747506061,0.0846774078203906
02x0768_01L@0,54342912,0.4903932573663502,2.261380672454834,9.596329412126906,0.0021406228188425,20.89220777554245,34.803280684235986,1.3892534009131006,-0.0161222781839406,6197.194647737739,-0.333057701587677,0.0160092134028673,1.4055325984954834,2.7455395522851416,10.756545580668275,0.2059584110975265,0.0519138909876346,1.244862512324605,0.0384015264925189,865989,3848202,3.0003668939860844,0.07792921632576603
02x0768_01d00@0,54342912,0.4887111201994128,2.276498317718506,9.742505450811208,0.0021609996911138,20.989745994208704,34.723398358048904,1.390030017886921,-0.0162592928107674,6711.280564893812,-0.3322421908378601,0.0170309543609619,1.4055732488632202,2.792413045319889,10.934694288354104,0.2029157429933548,0.0499009378254413,1.2480745545175853,0.0364794380747723,843227,3870964,3.005363859712165,0.0773492047751139
02x0768_01d01@0,54342912,0.4894779456544542,2.2695188522338867,9.674744712220162,0.0021259756758809,20.957723240729027,34.71811250243151,1.3897586779522288,-0.0162131598352199,6527.010655171842,-0.3325021862983703,0.0167019162327051,1.40547513961792,2.8063276839773508,10.894112735052657,0.2039572745561599,0.0498888865113258,1.2472051468395728,0.0365657597558812,841774,3872417,3.0038265668993542,0.07726332244343805
02x0768_01d02@0,54342912,0.4878136268383394,2.2773890495300293,9.751187276355267,0.002174031920731,20.804814828595198,35.04877360849295,1.3893455464585822,-0.0160060171974252,6153.120912953185,-0.3329639136791229,0.0160341169685125,1.4055172204971311,2.791945062248848,10.992590098157436,0.2049926966428756,0.0509317032992839,1.246017163705862,0.0374568599933347,841257,3872934,2.9955871329209707,0.0790786948110491
02x0768_01d03@0,54342912,0.4909899599956812,2.257007360458374,9.554453304970783,0.0021021631546318,20.978730546460326,34.68346645671765,1.3895892371117473,-0.0162421119098457,6461.152820491387,-0.3326790630817413,0.016514852643013,1.4054620265960691,2.8232601678119083,10.962667371792922,0.2048651427030563,0.0499539636075496,1.2464561912211938,0.0366176660067557,845678,3868513,3.004968372791648,0.07696408112038532
02x0768_01d04@0,54342912,0.4888649095368692,2.271310567855835,9.69209464188796,0.0021180293988436,20.967945304464802,34.26786282058198,1.3900240601473717,-0.0162124186124603,6669.389444781157,-0.3323339223861694,0.0169139541685581,1.405405879020691,2.8138129710634643,10.8908225330835,0.2045923918485641,0.0498378053307533,1.246706705861973,0.0365386084671523,849246,3864945,3.004873228688451,0.076143830018118
02x0768_01d05@0,54342912,0.4878772638055628,2.2760486602783203,9.738125645529015,0.0020928010344505,20.97681625361387,34.61488730004132,1.3898640973302183,-0.0162370184501493,6602.640273668692,-0.3324872255325317,0.0167253836989402,1.4055217504501345,2.8268665969569398,10.86608831863233,0.205432116985321,0.049819316715002,1.2460285572184469,0.0365495857765769,835411,3878780,3.004936032875147,0.07686055249507019
02x0768_01d06@0,54342912,0.4904876522010648,2.2614548206329346,9.59704098885,0.0020733156707137,20.991050136339968,34.59104742767076,1.389996319272948,-0.0162566382719756,6690.561567405198,-0.3324422836303711,0.0167119652032852,1.4053763151168823,2.8364548625239334,11.01227373795968,0.2056110501289367,0.0501842647790908,1.245752406799692,0.0368798380972779,851379,3862812,3.00568481671438,0.07672819943742465
02x0768_01d07@0,54342912,0.4862309754634945,2.2882630825042725,9.857800616287822,0.0021621896885335,20.90224259009695,34.588594105321846,1.389960515645997,-0.0161292814790935,6566.831198267966,-0.3323326408863067,0.0169241745024919,1.405422568321228,2.804599513208532,10.784448700645964,0.204604223370552,0.0497662685811519,1.2467092404537046,0.0365086104712896,829843,3884348,3.001114175731828,0.07739296642543267
02x0768_01d08@0,54342912,0.4872504396784127,2.285376787185669,9.829389114233964,0.0021454393863677,20.943871537419298,34.450762939167085,1.390134659071364,-0.0161841591210419,6706.903213033816,-0.3321511745452881,0.017156833782792,1.405442714691162,2.7975667623710887,10.763105821129086,0.2037736475467682,0.049397625029087,1.2475105111780789,0.0361712007230254,835295,3878896,3.0034065194313766,0.07679430815565469
02x0768_01d09@0,54342912,0.4866728281392487,2.2873048782348637,9.848359353701747,0.0021212904248386,20.949559778915475,34.70893180099592,1.3899519358554728,-0.0162011425633259,6620.830720893288,-0.3323996663093567,0.0167982224375009,1.4055861234664917,2.796695375046764,10.828259793688318,0.2036510109901428,0.0496470592916011,1.2475633337473824,0.0362846730769466,844066,3870125,3.003368067770398,0.07745894312127918
02x0768_01d10@0,54342912,0.4895386128965405,2.268119096755981,9.66121190882932,0.0021953005343675,20.813602538490127,35.119495142538184,1.3893305380754954,-0.0160209477424754,6157.225946344741,-0.3329793214797973,0.0160131510347127,1.40546977519989,2.795884701905003,10.993931148710056,0.2048941850662231,0.0508636049926281,1.2461166960400285,0.0374058252154771,842665,3871526,2.995918839971448,0.07930891381793141
02x0768_01d11@0,54342912,0.4915179347004109,2.2546486854553223,9.531944011282288,0.0021091634407639,20.894730705035272,34.78159144976757,1.3894472644780431,-0.0161251427504088,6296.117430955838,-0.3329895436763763,0.0160160232335329,1.4054909944534302,2.8227462842182747,11.154501248258754,0.2059256732463836,0.0511928685009479,1.2451679422726922,0.0377064927067599,864067,3850124,3.000552463925832,0.07776037368701165
02x0768_01d12@0,54342912,0.4896440381389072,2.2677440643310547,9.657589320435935,0.0022323476150631,20.816325767782004,34.97307102247534,1.3894709156736411,-0.0160198170887049,6225.911483343907,-0.33284792304039,0.0162399876862764,1.405625820159912,2.7913796066524226,11.056666145814338,0.2044281959533691,0.0510134808719158,1.2464633651175536,0.0374736739482124,839123,3875068,2.99620772751371,0.07901172289284353
02x0768_01d13@0,54342912,0.4888443335841337,2.2732667922973637,9.711073111336672,0.0021704509854316,20.821351592439154,34.65268738412087,1.3896583484784275,-0.0160160161509265,6317.6524884279,-0.3326939642429352,0.016371825709939,1.4055958986282349,2.7956350747636267,11.001281104473788,0.2042698264122009,0.0506178699433803,1.2467215145485222,0.0371468403275279,844620,3869571,2.9968145319927153,0.07829205765622035
02x0768_01d14@0,54342912,0.4897857364525912,2.2669060230255127,9.649499252052664,0.0021119222510606,20.847303893255532,34.79802321167135,1.3894012626469627,-0.0160579814060472,6220.800966178042,-0.3331044614315033,0.015772495418787,1.40545654296875,2.8247165996597454,11.102597614156188,0.2063871771097183,0.0511142611503601,1.2448154151393156,0.0376612367219611,863125,3851066,2.9981097818131506,0.07808587105790357
02x0768_01d15@0,54342912,0.4869163456004901,2.2846899032592773,9.822639783114044,0.0022349213249981,20.787828935140336,34.90050618539919,1.3896917143275216,-0.0159767769618393,6303.702723272069,-0.3325691521167755,0.0165945254266262,1.405470609664917,2.768775641786997,10.754001403639087,0.2034385502338409,0.0502955541014671,1.2474674200375508,0.0369489484424435,836836,3877355,2.9948217023140846,0.07904006646273484
02x0768_01d16@0,54342912,0.4874139866841767,2.2821433544158936,9.797657773589618,0.0022245603613555,20.816956159137508,35.29740786834147,1.3896114964963275,-0.0160318098025804,6306.161361094593,-0.3326084017753601,0.0164997018873691,1.4056401252746582,2.77670551590702,10.938617444262016,0.203708067536354,0.0506756454706192,1.247156022705059,0.0371867133918578,847387,3866804,2.9958479576382424,0.07981496133603488
02x0768_01d17@0,54342912,0.4875376545238141,2.2827248573303223,9.803356796978298,0.0021994458511471,20.833806889514726,35.08896968592022,1.3896463554951666,-0.0160486890693416,6337.283056086972,-0.3326650857925415,0.016476385295391,1.405673623085022,2.7844584164830484,10.947193758906492,0.2038371860980987,0.050586886703968,1.247089635728847,0.0370940555349975,839515,3874676,2.9969528471191142,0.07922086416426534
02x0768_01d18@0,54342912,0.4887382719720947,2.2754180431365967,9.73198655248079,0.0021337317302823,20.836442152647884,34.928862088026854,1.3894429956061158,-0.0160469686927033,6233.066624750343,-0.3329246342182159,0.0160631909966468,1.4055715799331665,2.7899015669337284,10.996697099068722,0.2043327391147613,0.0507560968399047,1.2466305374803717,0.0372478182082293,841233,3872958,2.9973050109662878,0.07875825011789768
02x0768_01d19@0,54342912,0.4896690686793484,2.26663589477539,9.646893001731922,0.0021201821509748,20.840884936723626,34.88712821569004,1.3893503235302784,-0.0160518753333845,6190.809540513992,-0.3330853283405304,0.0158760342746973,1.4054951667785645,2.7932591442754737,10.972692657042916,0.2045237421989441,0.0507692582905292,1.2464557061986872,0.0373016807112349,854196,3859995,2.997631277216877,0.07846237407412943
02x0768_01d@0,54342912,0.4899567077711979,2.263453245162964,9.616239127604224,0.0021616511512547,20.833825594473566,34.75442922329844,1.389244119016538,-0.0160372717996593,6127.480546967517,-0.3330551385879516,0.0159944035112857,1.4055325984954834,2.780991513530813,10.956560952816703,0.2038111090660095,0.0506554171442985,1.2470594886531907,0.0372214122581706,853121,3861070,2.9974161110144446,0.07822240170245111
02x0768_03d@2,54342912,0.5553933284276302,1.8131307363510127,6.129607609209042,0.0012071359669789,25.8507231620177,54.87846866204017,1.3853204196650208,-0.0247378379646727,10912.89412119949,-0.3369386196136474,0.0106462771072983,1.401308298110962,5.831247665159465,21.07478378601339,0.3057717978954315,0.0528103373944759,1.1609264279411338,0.0407073888962052,957552,3756639,3.213032240863909,0.07757597646335458
02x0768_10L@5,54342912,0.59991947802414,1.550681233406067,4.714680886966181,0.0006395610980689,33.39323378156156,85.18551367032347,1.3836341312022484,-0.0410608464026231,26867.636646558924,-0.3384961187839508,0.0086594792082905,1.3968138694763184,9.01934619056354,21.10496776055368,0.383568525314331,0.0387329459190368,1.096315310038161,0.030956530019682,1085018,3629173,3.4719969428566744,0.07149371003747632
02x0768_10L@9,54342912,0.6133593933784887,1.4822096824645996,4.402663428572047,0.0005572014488279,35.46013155903608,96.30736528427123,1.3818222735248358,-0.0463096948889608,30489.737268617293,-0.3393732607364654,0.0076382607221603,1.396246075630188,9.684466256320842,20.605762692856867,0.3941486775875091,0.0362483374774456,1.0874290723256688,0.0292014557867875,1138750,3575441,3.5320499106562457,0.07140932446856445
02x0768_10d@5,54342912,0.595507951332993,1.574926733970642,4.830387701818244,0.0008201577002182,29.755525826166977,68.64994381875375,1.3849635016185269,-0.0326367991461044,18538.24751802891,-0.3378287851810455,0.0093017546460032,1.3970786333084106,9.35499917871891,22.651513940848343,0.3598736822605133,0.0347296744585037,1.1195285406713384,0.0269092040012626,988238,3725953,3.3559086154168014,0.07317151625339502
02x0768_10d@9,54342912,0.6074103975592253,1.5134758949279783,4.54249261226475,0.0007497243932448,30.843192246114658,73.63452815158396,1.384014696117875,-0.0350620729747762,20083.173820812888,-0.3384294509887695,0.0085657266899943,1.3965604305267334,10.115016713347334,22.29948400678241,0.3655539155006408,0.0316312760114669,1.1155031288431785,0.0245456124610406,1015271,3698920,3.391929905596617,0.07287559872413094
04x0768_01L@0,68514048,0.5640963200650964,1.8016259670257568,6.059491992978063,0.001116381608881,24.767621875925823,41.819827327128046,1.3872604630235716,-0.0224156229524778,10286.03829434319,-0.3360857665538788,0.0120802521705627,1.4043973684310913,4.101439321995908,17.25528662217956,0.2457719594240188,0.0568549074232578,1.21056900890372,0.0429799732917324,1065317,3648874,3.176648117039102,0.06516404120855522
04x0768_01d@0,68514048,0.5623074849164479,1.8118350505828855,6.121670706841679,0.0011651274980977,24.40357192773026,40.921630156496896,1.3874709861472987,-0.0217725285011203,9856.461663302453,-0.3359097838401794,0.0122845796868205,1.4044288396835327,4.153122686594831,17.62394655758728,0.240024447441101,0.0543207824230194,1.2163007068951517,0.0405648506552111,1033738,3680453,3.161557186490215,0.06574827957452568
04x0768_03d@2,68514048,0.6132327558137143,1.4986025094985962,4.475430326718002,0.0007431519916281,28.583360885499623,53.1272438380507,1.3856880421978617,-0.0297664869313257,16208.908896741948,-0.3379148244857788,0.0094499681144952,1.4014991521835327,7.098180398242813,26.28760520713814,0.3044447004795074,0.0492652393877506,1.163633256909408,0.0370693299963349,1142076,3572115,3.3215391860482137,0.06183115494070289
04x0768_10L@5,68514048,0.6418513605901777,1.3365919589996338,3.806050201949408,0.000393161753891,38.48038464206489,95.24576003341049,1.3828049421773103,-0.0539129209111852,43930.16465874645,-0.3394519984722137,0.0076919179409742,1.3995798826217651,8.87840070495443,26.47933798857112,0.3568708300590515,0.0448057986795902,1.1189297719395974,0.0342554825219399,1309596,3404595,3.619456250508432,0.06041276959090312
04x0768_10L@9,68514048,0.6540412337850356,1.2793231010437012,3.5942059876831047,0.0003442050074227,41.195294015232435,111.21618359060685,1.380344402187805,-0.0618590800533052,49803.36682828103,-0.3403553664684295,0.0066879671066999,1.3992453813552856,9.128112100072588,27.163487810880124,0.359835147857666,0.0447228476405143,1.1163085137912272,0.034185945873867,1369832,3344359,3.68717716755988,0.06120102776386408
04x0768_10d@5,68514048,0.6386141480675256,1.3550232648849487,3.876851150079975,0.0005780366482213,31.819141432214465,66.03547680508478,1.3864457817910714,-0.0368941905908701,26266.979306631667,-0.3376730680465698,0.0093945553526282,1.3999241590499878,9.718422022269932,29.207693306015013,0.3204697668552398,0.0348276756703853,1.1548505295063765,0.0253814067267639,1172358,3541833,3.4286204584427082,0.06221717470660734
04x0768_10d@9,68514048,0.6476134758490285,1.3103172779083252,3.7073497858147193,0.0005364897078834,32.99983586758226,70.7514124695353,1.3857987433054908,-0.039673582358323,29016.926373185543,-0.33807173371315,0.0089750867336988,1.3998855352401731,10.158552726952786,30.06804833815893,0.3180096745491028,0.0327583961188793,1.1577104920176098,0.0236876843975322,1198614,3515577,3.4652141663010023,0.06187418670183841
08x0768_01L@0,96856320,0.6147721340508472,1.5049445629119873,4.503903940048373,0.0006663662497885,28.417086493309775,45.616637389966876,1.3866170061282248,-0.0291853407809293,16640.9020388569,-0.3374933302402496,0.0103575903922319,1.4046021699905396,5.089497331356373,22.66292872625497,0.2566166818141937,0.0585950016975402,1.201019191137839,0.0443208464850867,1286279,3427912,3.3196687168283634,0.054143279140213676
08x0768_01d@0,96856320,0.6123719597704063,1.518330216407776,4.564596939072179,0.0007222802378237,27.414883381568153,42.531830979238016,1.387346298947283,-0.0271656474712267,15204.282430909569,-0.3370336294174194,0.0108752939850091,1.40465247631073,5.196448817030439,23.63801346469973,0.2453522980213165,0.0539877451956272,1.2121617940127971,0.0399603609436476,1231618,3482573,3.2836615716354998,0.05439614649841087
08x0768_03d@2,96856320,0.6506315650812082,1.3008487224578855,3.672412204031541,0.0005304915830492,31.217018727668886,55.64148038897486,1.3858985391775038,-0.0352402105655971,23055.82234003315,-0.3383402228355407,0.0090669635683298,1.4026998281478882,7.258889073557252,31.4066641876225,0.2694940268993377,0.0481471084058284,1.1942079714516298,0.0348802701371537,1326536,3387655,3.4132511052495857,0.054987766225243234
08x0768_10L@5,96856320,0.6684995527381821,1.2018829584121704,3.3263744543126075,0.0002315668971277,47.45719266326975,131.73316461990458,1.380992893774016,-0.0815515118288724,89946.056417412,-0.3404395580291748,0.0068043544888496,1.4019792079925537,7.782428137585574,30.49292694472896,0.3087822198867798,0.0520589612424373,1.159232036916792,0.0386177290949492,1544320,3169871,3.8318890566075123,0.05502387425124479
08x0768_10L@9,96856320,0.6816581926974035,1.1465181112289429,3.147215555314527,0.0002013979537878,51.74024566820373,164.10297275568385,1.3772298427217815,-0.0971931575308247,103290.60978458368,-0.341583102941513,0.005442735273391,1.4018656015396118,7.856202529704096,31.45071463088369,0.3112682402133941,0.0533517599105834,1.156627269758488,0.0396779449563381,1634401,3079790,3.917193579585907,0.05698552884942306
08x0768_10d@5,96856320,0.6665792011906052,1.2143789529800415,3.368201603062246,0.0004212556814309,34.787805070394974,67.485804880386,1.389224186211678,-0.0437080896944259,45447.30435186085,-0.3362527191638946,0.0112496009096503,1.4021050930023191,8.656978055331074,36.73724652906388,0.2546631097793579,0.035093180835247,1.2110811557489929,0.023956882246897,1352915,3361276,3.522106131104716,0.053980869334636965
08x0768_10d@9,96856320,0.6742726984046848,1.1824015378952026,3.2621990979933746,0.000396621733671,36.16494417237949,74.17739355388873,1.387752438746024,-0.0472796265425289,47467.870359909175,-0.3374244272708893,0.0100329723209142,1.402103066444397,8.91178571725473,38.54264091550744,0.250832736492157,0.033552948385477,1.214751669293535,0.0227135207847187,1361114,3353077,3.560706084414092,0.05421014832794259
12x0768_01L@0,125198592,0.6260687563491133,1.4435347318649292,4.235641243469572,0.0006331228069029,28.52028287441675,44.146912359242855,1.3865298055108255,-0.0293360679194772,16708.561705165495,-0.3376547396183014,0.0102090165019035,1.404590368270874,5.2068583392276455,23.32565124149352,0.2611406445503235,0.0599179975688457,1.1967000648723802,0.0456290097367496,1382277,3331914,3.3243378715541123,0.05208899892768511
12x0768_01d@0,125198592,0.6233703368156189,1.458127498626709,4.297904157415295,0.0006851835642009,27.518577555703548,41.22507799840299,1.3871603282254574,-0.0273158107027804,15164.057914917168,-0.3372774422168731,0.0106279775500297,1.404595136642456,5.315861890381816,24.28526835876649,0.249601274728775,0.0551409497857093,1.2081879097385353,0.041080659754432,1319081,3395110,3.2884467175860723,0.05241519469679755
12x0768_03d@2,125198592,0.6617037610083999,1.2455142736434937,3.474721297504784,0.0005137650878168,31.228489663990924,54.0023704088491,1.3849216561418345,-0.0352086442868884,21517.40964841822,-0.3388589024543762,0.0085475267842412,1.4022371768951416,7.351669218443253,31.296897241534733,0.2752402722835541,0.0494413375854492,1.1888309315945147,0.0362015414093693,1431754,3282437,3.41448222107336,0.053241554064964246
12x0768_10L@5,125198592,0.6784941626870582,1.1535929441452026,3.169560529797164,0.0002277943422086,47.44632208806045,130.81674355847971,1.3802170492814334,-0.0814848709727105,85784.34824417402,-0.3407813012599945,0.0063953287899494,1.40160071849823,7.886015436298561,30.649485981819165,0.3137395679950714,0.0546146444976329,1.15393251413793,0.0409617383293583,1656578,3057613,3.8318334195917134,0.05469010972071928
12x0768_10L@9,125198592,0.6907754609914937,1.1076061725616455,3.0271033511786123,0.0002029471215792,51.670671655618534,165.457572222879,1.376487070273282,-0.0969933710182987,98894.166416991,-0.3418523371219635,0.0051196943968534,1.4011127948760986,7.992039154243182,32.11816423696366,0.3210066854953766,0.0562468208372592,1.146968921757179,0.0424500976704923,1784309,2929882,3.9155304690269426,0.05761378911622874
12x0768_10d@5,125198592,0.6765659625801905,1.165711760520935,3.208205544802078,0.0004229515616316,34.71543892639559,68.61065814496787,1.3881135569633756,-0.0435745077644249,41434.40100346616,-0.3371525406837463,0.0102909663692116,1.40132737159729,8.736545989849246,37.142302805853575,0.262796014547348,0.0375474318861961,1.2035025720119563,0.0259902503431942,1490149,3224042,3.5194925193357207,0.05500871976430573
12x0768_10d@9,125198592,0.6824865338874275,1.1470831632614136,3.1489943983827966,0.0004143829864915,36.04627615316786,78.20594996630498,1.3858390625752135,-0.0471242918450398,41055.71791588593,-0.3386387228965759,0.0087208412587642,1.4008820056915283,9.013756665746058,39.07529570489054,0.2624342441558838,0.0365484692156314,1.2041289950034435,0.0252055526484863,1502273,3211918,3.5559154960841695,0.057035578686121524
01x1024_01L@0,66155520,0.4946119640468105,2.196999311447144,8.997972835332416,0.0016709400806576,24.428091093444987,50.44147087364782,1.3891551938598996,-0.0221391413466651,11594.922117205631,-0.3328376412391662,0.0161345265805721,1.4048405885696411,3.3512341212431007,13.0988841303758,0.1992059201002121,0.041347611695528,1.2539837527180484,0.0291136531169095,825440,3888751,3.154437457432562,0.08243154895025892
01x1024_01d@0,66155520,0.4926018843754488,2.2080585956573486,9.098036269336054,0.0017052262555807,24.30461948775884,50.01309591561614,1.389330252503705,-0.0219186478351323,11524.411327053262,-0.332632303237915,0.016392158344388,1.4048779010772705,3.378599764408594,13.268823836834422,0.1962394416332245,0.0400707833468914,1.2567869821893258,0.0280082704286417,808734,3905457,3.1492696942910072,0.08266569063641811
01x1024_03d@2,66155520,0.5519306289177833,1.8219064474105835,6.183635996513294,0.0010729253990575,28.589063364276676,71.65512838124168,1.3853010178758944,-0.0304114402454589,16470.114774836627,-0.3364818096160888,0.0111572295427322,1.400922179222107,6.368017414284815,21.00658018346847,0.2848670780658722,0.0406443588435649,1.183441943990731,0.0297318213426831,900613,3813578,3.3110410694774406,0.0828939669552509
01x1024_10L@5,66155520,0.5777960863689404,1.6592475175857544,5.255354794141213,0.0006526914658024,35.83945247267707,113.16914244742964,1.3831456657202368,-0.0478117003526335,35298.50741400781,-0.3378984630107879,0.0092885578051209,1.3965994119644165,9.2627173232552,18.731815561111944,0.3536922931671142,0.0305442046374082,1.1266346104603815,0.0233104093072644,941095,3773096,3.537179091999704,0.08228764512915251
01x1024_10L@9,66155520,0.5850852767179276,1.622035264968872,5.063385167090335,0.0006045758491382,37.66121552991262,129.74948453466013,1.3810336586352991,-0.0529595033273735,38013.18762266068,-0.3387881517410278,0.0082624182105064,1.3957829475402832,9.782200602912006,17.79501049463837,0.3619566559791565,0.0288615208119153,1.1197707558616905,0.0222007144361334,958389,3755802,3.585318567190856,0.08497372801858727
01x1024_10d@5,66155520,0.5753278205335706,1.6739736795425415,5.333318645198199,0.0008217066060751,31.958015575453597,89.38043287562766,1.384781351403492,-0.0379957626874054,24816.823463878016,-0.3370504975318908,0.0101470332592725,1.3967360258102417,9.659894852181148,20.04131012647982,0.33060422539711,0.02670912258327,1.1484975777725452,0.0197453434625106,859720,3854471,3.4226426330743625,0.08230036152105383
01x1024_10d@9,66155520,0.5817479420335108,1.641101360321045,5.160850339128148,0.0007899114862084,32.87370652739221,97.45209303560324,1.383369978203271,-0.0403027278411221,25444.338020407853,-0.3377777338027954,0.0092819733545184,1.3960180282592771,10.311831924845311,19.180834477809807,0.3350645899772644,0.0245434697717428,1.1452854923732425,0.0181924367717868,859754,3854437,3.4497484093242736,0.08443706691010355
02x1024_01L@0,78748672,0.5324042618949689,1.969820261001587,7.169387753958037,0.0012179455952718,26.46442803331536,57.349410166777986,1.386780555874527,-0.025920682796029,13279.912923997785,-0.3355161547660827,0.0126738799735903,1.4042991399765017,4.089535459932154,16.56888088833806,0.2222419679164886,0.045274656265974,1.2341619792640794,0.0323611277389459,906765,3807426,3.236269277373051,0.07841388904952781
02x1024_01d@0,78748672,0.5305560322435785,1.9808118343353271,7.248625279999703,0.0012586674420163,26.075830935588968,55.64015420982144,1.3870614431083312,-0.0251637660733975,12773.906773065424,-0.3352975845336914,0.0129418326541781,1.4043300151824951,4.137403521153102,16.90397761993784,0.2159377336502075,0.0428023897111415,1.2401243689171362,0.0302169152670201,875101,3839090,3.221455157379926,0.07850587304001339
02x1024_03d@2,78748672,0.5958373786999859,1.5832865238189695,4.870937987667262,0.000775771215558,30.40551403520325,70.0264000140279,1.384706550590018,-0.0340215957957639,19798.57231728999,-0.3378449976444244,0.0095800142735242,1.4011298418045044,7.1579513043628245,25.26735490472628,0.2802834808826446,0.0402986779808998,1.1875515171784852,0.029155252065011,1029745,3684446,3.3783878424108282,0.07145591231049434
02x1024_10L@5,78748672,0.6324579078583382,1.3791837692260742,3.971658514207549,0.000389404973248,41.11810571282004,123.54731425474684,1.3814835237006469,-0.0620635504026171,53646.29631457151,-0.3396506309509277,0.0074657625518739,1.398959755897522,9.243842624390156,24.54252742340736,0.3392354547977447,0.0365521386265754,1.1376713191782482,0.0272337342748846,1240875,3473316,3.6817828282115475,0.06806177499812166
02x1024_10L@9,78748672,0.6430519780384584,1.3284664154052734,3.775249281688959,0.0003495065320748,43.86101648707827,145.53458059416616,1.378344329465918,-0.0707894899233455,58207.18238328682,-0.3406600058078766,0.0063328109681606,1.398648023605347,9.47365393362219,24.665846495915886,0.3433901369571686,0.0366252213716506,1.1339650235034873,0.0273436934633115,1289407,3424784,3.745369932676379,0.06979796319697376
02x1024_10d@5,78748672,0.6274961335239331,1.4045042991638184,4.073506999889101,0.0005830047302879,33.791141416907436,84.29265917419704,1.3855008009898224,-0.0419448212217919,31768.2647274145,-0.3379485011100769,0.0091530755162239,1.3993104696273804,10.090830376088942,26.72664366168008,0.3008113503456116,0.0274797696620225,1.1742538359220265,0.0195057621425729,1084751,3629440,3.484727877666056,0.07009468418045357
02x1024_10d@9,78748672,0.6363991573617047,1.3624024391174316,3.905564921858314,0.0005498555256053,34.942927081558764,91.42890104032983,1.3842909400665795,-0.0448971649724736,33536.511898639146,-0.3385359644889831,0.0085062831640243,1.39884614944458,10.539617214728937,26.73994403557137,0.2994979619979858,0.0257955230772495,1.1759147477544751,0.0182290413765389,1093739,3620452,3.5178404586602996,0.07080962433479071
04x1024_01L@0,103934976,0.5648279330649408,1.7871907949447632,5.972650477402234,0.0009867063490673,26.98269823017471,52.4235707887736,1.386881652028091,-0.0266997735792411,14194.644881180227,-0.3361694812774658,0.0118910204619169,1.4038680791854858,4.404769776295832,18.202932590076184,0.229876771569252,0.046430118381977,1.2275236589786,0.0334330545504609,989572,3724619,3.2604597919927802,0.06882334667569723
04x1024_01d@0,103934976,0.563419646980288,1.795616626739502,6.023187635501759,0.0010294048115611,26.601761893641203,51.04334292656787,1.387228947265773,-0.0259542738329975,13757.76616491594,-0.3358462154865265,0.0123150628060102,1.4039030075073242,4.453973294612427,18.680136789685573,0.2233317494392395,0.0440354086458683,1.2336989803331255,0.0313241884775507,965173,3749018,3.246110286497165,0.06915373596538832
04x1024_03d@2,103934976,0.6187027773930098,1.4660552740097046,4.332112394639027,0.000685628503561,30.381993260213743,63.11047888340048,1.385345058586078,-0.0337361054484504,20332.110816427718,-0.3379843533039093,0.0093310121446847,1.4009336233139038,7.461981191513855,26.36937693834579,0.2871512770652771,0.0408089682459831,1.1815692585132442,0.0295923035358999,1109833,3604358,3.3809879999383794,0.06492593419790116
04x1024_10L@5,103934976,0.6498721639390095,1.2944921255111694,3.6491421972100335,0.0003848070045933,39.96321178177857,110.92002419822819,1.38099690298601,-0.0584282473238472,46176.87962941721,-0.3400357961654663,0.0070061474107205,1.3985633850097656,9.41237669273959,25.304207274930317,0.3491451442241668,0.0382886305451393,1.128263871774707,0.028731108089501,1334973,3379218,3.6548836486342204,0.06506096950626261
04x1024_10L@9,103934976,0.6619623392185507,1.2383899688720703,3.4500542959366154,0.0003446117334533,42.6511418328679,130.44951745866155,1.377647491757689,-0.0666928350677337,49735.44364627976,-0.3410768806934356,0.0058738384395837,1.3982596397399902,9.678654547204246,25.878314413411825,0.3537432253360748,0.0385752767324447,1.1240509586325866,0.0290237931989346,1412343,3301848,3.7191081458878035,0.06659556325210736
04x1024_10d@5,103934976,0.644726690892553,1.3204166889190674,3.7449815444977927,0.0005529717891477,33.31083634758339,76.89289292332245,1.3854536126178207,-0.0405891516404361,29652.121846593756,-0.3381839394569397,0.0088353091850876,1.3990925550460815,10.297013204386271,27.69477829182782,0.3088289201259613,0.0285461787134408,1.167039418910133,0.0203616422003861,1177340,3536851,3.4724824830413272,0.06609475609982278
04x1024_10d@9,103934976,0.6542028716817829,1.2757874727249146,3.581520649744122,0.0005187108181416,34.52294080634307,83.18070905130307,1.3842449905068597,-0.0436169713167383,31556.295202641777,-0.3387985527515411,0.0081966733559966,1.3988090753555298,10.767676353013057,28.20117862845564,0.307397723197937,0.0269900392740964,1.168776819016968,0.019165827343848,1204436,3509755,3.5081006504437053,0.06623831243901222
08x1024_01L@0,154307584,0.6223372967143598,1.4637523889541626,4.322147516135255,0.000540790031664,31.27566469268288,53.47824306850508,1.3873785777808123,-0.0352915851005202,25722.22542575635,-0.3369921147823334,0.0110486382618546,1.4039678573608398,5.400963529656177,23.70119506653864,0.2348327785730362,0.0467690080404281,1.2234356888620024,0.0335405174793961,1240085,3474106,3.4163691266635356,0.05248893351094244
08x1024_01d@0,154307584,0.6204404908446556,1.4725110530853271,4.360170024673411,0.0005727419629693,30.322400508172148,49.712646526032195,1.388130180677153,-0.0331540407272166,24017.314146859782,-0.3365311920642853,0.0115858726203441,1.4040029048919678,5.526947942566728,24.786366660540377,0.2229589223861694,0.0423848703503608,1.2346389168451095,0.0297497410468653,1195071,3519120,3.3856264734260435,0.05214722861794899
08x1024_03d@2,154307584,0.6590698269350251,1.2583194971084597,3.519501981628321,0.0003981691261287,35.012433030972566,63.29882799071208,1.3865961682488943,-0.0441012291125494,37941.22082747645,-0.3378727734088897,0.0099880769848823,1.4018394947052002,7.560964493383734,31.567951394449278,0.2415810674428939,0.0369789563119411,1.2212160918502415,0.0254698227270018,1295607,3418584,3.5307249340177282,0.04948564518939071
08x1024_10L@5,154307584,0.6759537749555018,1.1662253141403198,3.2098535535055386,0.0001891299907583,52.42316613043196,157.78997436802587,1.3811967861855303,-0.0994106774712895,135296.12313538018,-0.3403209149837494,0.007124304305762,1.3998827934265137,8.156303749391066,30.0824460104624,0.2913444936275482,0.0452438630163669,1.1767552933671,0.0325588086986788,1518945,3195246,3.9319850222242163,0.05384518123893491
08x1024_10L@9,154307584,0.6881682544443528,1.1202247142791748,3.065542997184084,0.0001722715096548,56.97296081696066,204.91318224145925,1.3761704185487973,-0.1180495497003129,144085.0868773855,-0.3417555689811706,0.0053438139148056,1.399404525756836,8.29285545483167,31.61490815669988,0.301959216594696,0.0478992983698844,1.1667014196645125,0.0348903608259233,1633608,3080583,4.01287656949833,0.058084658242318635
08x1024_10d@5,154307584,0.6736910565242634,1.1798776388168335,3.253976018173412,0.0002930766204372,40.30100749177297,79.40398997945614,1.388622097927078,-0.0582776573134363,77068.60695253238,-0.3366903662681579,0.0114412745460867,1.4004241228103638,9.030549638511795,36.55706626093327,0.228153645992279,0.0270196963101625,1.2352998464865534,0.0177274378097008,1311404,3402787,3.672821852562277,0.04657146252127572
08x1024_10d@9,154307584,0.6794947479350334,1.1611756086349487,3.193685594417236,0.0002903346612583,41.886944766496796,94.03630780745416,1.3858467621078951,-0.0632371795598282,73973.9569735209,-0.3384629189968109,0.0093307113274931,1.3997715711593628,9.388771674490055,38.344438749876126,0.2308916002511978,0.0267508123070001,1.2331543132921283,0.0175476955340904,1347423,3366768,3.709514971029238,0.050008600087696795
12x1024_01L@0,204680192,0.6311582288644132,1.414060115814209,4.112619263088971,0.0005161143490113,31.416040931623524,51.96834150195567,1.3873938995476471,-0.0355409890390926,26116.959889363792,-0.3370922803878784,0.0109590152278542,1.4038852453231812,5.505168296254901,24.074290743965687,0.2371101826429367,0.0473675765097141,1.2213329558972348,0.03412635450446,1288157,3426034,3.4218169748232334,0.05055955501383758
12x1024_01d@0,204680192,0.6279407438016003,1.430945873260498,4.182653581633471,0.0005512630450539,30.47575423113059,48.674727962016846,1.388260949867719,-0.0334374883298194,24674.87117963816,-0.3364849984645843,0.0116899060085415,1.403876781463623,5.606827643867448,24.988297553639367,0.2241376638412475,0.0425428971648216,1.2336024328630188,0.0299505549849997,1220350,3493841,3.3914841754217115,0.050513360988689034
12x1024_03d@2,204680192,0.6662690770370034,1.2223974466323853,3.395318077585175,0.0003915526613127,34.99554101481154,62.63595933341153,1.385873701308806,-0.0440380989192369,35943.523856281376,-0.3383180797100067,0.0094841187819838,1.401370644569397,7.614118791540455,31.58061911244379,0.2437372356653213,0.0378752164542675,1.2191405775059856,0.026222529893262,1340707,3373484,3.5305134665652878,0.04891375502476273
12x1024_10L@5,204680192,0.683272450432636,1.1320148706436155,3.1019001354760447,0.0001876447204267,52.26848421543644,157.02637484855327,1.3800601315168026,-0.098830577636938,125047.49816089566,-0.3407836854457855,0.0065526533871889,1.3997858762741089,8.25533006264825,30.53556244735149,0.2948819696903229,0.0464615672826767,1.173276218827104,0.0336598322350005,1597895,3116296,3.929065251443814,0.05370895212571015
12x1024_10L@9,204680192,0.6943121915065437,1.099848985671997,3.003712386086888,0.000176958128577,56.682931299531575,207.0923400123469,1.3753089747563472,-0.1169964407677355,135386.1256648318,-0.3420341312885284,0.004976037889719,1.3987855911254885,8.464493076226734,31.768714053024624,0.3078193664550781,0.0491277910768985,1.1611396616174636,0.0361169617708063,1736473,2977718,4.0073105805877685,0.058841717114909
12x1024_10d@5,204680192,0.6806470012882243,1.1476131677627563,3.1506638219505665,0.0003023856843356,39.86769641403486,82.21767900600273,1.387110140148499,-0.0571855529512945,66216.59045736691,-0.3379124104976654,0.0100256456062197,1.3999179601669312,9.166020642767275,37.36620578551341,0.2360606342554092,0.0290616452693939,1.2282537550863335,0.0192719539383818,1385413,3328778,3.660790367717788,0.04885168103069921
12x1024_10d@9,204680192,0.6848847990588517,1.1446045637130735,3.1411989671563054,0.0003101539332419,41.42366144617396,99.91253917107252,1.3838378595207623,-0.0621178451347352,62318.49319246804,-0.3396445214748382,0.0079595632851123,1.3991620540618896,9.580065515676642,39.280103053044726,0.240608811378479,0.0289814304560422,1.2245459718263374,0.0192700165202423,1417624,3296567,3.696504579162521,0.05343106654928362
